{"type":"FeatureCollection","name":"扬州大学扬子津校区 — OSM 校区范围摘录","attribution":"© OpenStreetMap contributors","license":"ODbL 1.0","features":[{"type":"Feature","id":"way/1032869906","properties":{"highway":"service","name":"津中路","source":"OpenStreetMap","osm_id":"way/1032869906","kind":"road"},"geometry":{"type":"LineString","coordinates":[[119.3928141,32.3452403],[119.3929302,32.3452449],[119.3930105,32.3452465],[119.3933359,32.345243],[119.3933919,32.3452473],[119.3942555,32.3453567],[119.3945405,32.345394],[119.3945672,32.3453962],[119.3946872,32.3454221],[119.3949555,32.3454923],[119.3951081,32.345534],[119.3951704,32.34555],[119.3952547,32.3455637],[119.3955657,32.345604],[119.3956406,32.3456137],[119.3959138,32.3456491],[119.3960678,32.345669],[119.3962777,32.3456961],[119.3963947,32.3457112],[119.3965323,32.345729],[119.3966405,32.3457427],[119.3971939,32.3458129],[119.3973569,32.3458336],[119.3974375,32.3458438],[119.3975162,32.3458538],[119.3976115,32.3458659],[119.3984242,32.3459716],[119.3985289,32.3459852],[119.3992508,32.3460791],[119.3998365,32.3461553],[119.4001144,32.346182],[119.4004528,32.3462164]]}},{"type":"Feature","id":"way/1032869907","properties":{"highway":"service","source":"OpenStreetMap","osm_id":"way/1032869907","kind":"road"},"geometry":{"type":"LineString","coordinates":[[119.3889496,32.3438651],[119.3889893,32.3439539],[119.3890238,32.3439941],[119.389204,32.344204],[119.3892457,32.3442304],[119.3892908,32.3442483],[119.3900744,32.3443376],[119.3903648,32.3441453],[119.3904228,32.3441089]]}},{"type":"Feature","id":"way/1032869908","properties":{"highway":"service","source":"OpenStreetMap","osm_id":"way/1032869908","kind":"road"},"geometry":{"type":"LineString","coordinates":[[119.3904228,32.3441089],[119.3904118,32.3442048],[119.3903849,32.3444409],[119.3903275,32.3449444],[119.3903036,32.3451536],[119.3902981,32.3452019],[119.390311,32.3452438],[119.3903322,32.3452868],[119.3903672,32.3453329],[119.3903836,32.3453917],[119.3904111,32.3454716],[119.3904146,32.3454957],[119.3904203,32.3455347],[119.3903143,32.346182],[119.3902984,32.3462792],[119.3902887,32.3463383],[119.3901754,32.3470307],[119.3911275,32.3471338],[119.3920219,32.3472306]]}},{"type":"Feature","id":"way/1032869909","properties":{"highway":"service","source":"OpenStreetMap","osm_id":"way/1032869909","kind":"road"},"geometry":{"type":"LineString","coordinates":[[119.3899374,32.3454388],[119.3904146,32.3454957],[119.3913784,32.3456122],[119.3921033,32.3456998],[119.3923113,32.345725]]}},{"type":"Feature","id":"way/1032869910","properties":{"highway":"service","source":"OpenStreetMap","osm_id":"way/1032869910","kind":"road"},"geometry":{"type":"LineString","coordinates":[[119.3903036,32.3451536],[119.3895626,32.3450812],[119.3888575,32.3450124]]}},{"type":"Feature","id":"way/1032869911","properties":{"highway":"service","source":"OpenStreetMap","osm_id":"way/1032869911","kind":"road"},"geometry":{"type":"LineString","coordinates":[[119.3903275,32.3449444],[119.3895935,32.3448678],[119.3888872,32.3447941]]}},{"type":"Feature","id":"way/1032869912","properties":{"highway":"service","source":"OpenStreetMap","osm_id":"way/1032869912","kind":"road"},"geometry":{"type":"LineString","coordinates":[[119.3889496,32.3438651],[119.3890124,32.3437807],[119.3893376,32.343566],[119.3893867,32.3435567],[119.390013,32.3436052],[119.390079,32.3436215],[119.3901198,32.3436478],[119.3901328,32.3436585],[119.3903829,32.3438648]]}},{"type":"Feature","id":"way/1032869913","properties":{"highway":"service","source":"OpenStreetMap","osm_id":"way/1032869913","kind":"road"},"geometry":{"type":"LineString","coordinates":[[119.3903698,32.3440202],[119.3903734,32.3439776],[119.3903829,32.3438648],[119.3906926,32.3432048],[119.3908073,32.3432416],[119.391334,32.3434108],[119.39141,32.3434277],[119.3914606,32.343431],[119.3915557,32.3434314],[119.3916463,32.3434188],[119.3917141,32.3433938],[119.3917567,32.3433632],[119.391797,32.3433342],[119.3918993,32.3432331],[119.3919929,32.3431594],[119.3920091,32.3431466],[119.3920448,32.3431212],[119.3921121,32.3430885],[119.3921811,32.3430709],[119.3922451,32.3430617],[119.3923194,32.3430577],[119.3923934,32.34306],[119.3928442,32.3430962],[119.3931241,32.343124],[119.3931831,32.3431296]]}},{"type":"Feature","id":"way/1032869914","properties":{"highway":"service","name":"津西路","source":"OpenStreetMap","osm_id":"way/1032869914","kind":"road"},"geometry":{"type":"LineString","coordinates":[[119.3945405,32.345394],[119.3945454,32.3453589],[119.3946023,32.3450595],[119.3947696,32.3441293],[119.3948612,32.3436001],[119.39489,32.3433959],[119.3948977,32.3432858],[119.3949556,32.3432152],[119.3950262,32.3431531],[119.395098,32.3430942],[119.3951885,32.3430207],[119.3952283,32.3429809],[119.3952574,32.3429455],[119.3952785,32.3429123],[119.3953113,32.3428549],[119.3953317,32.3428067],[119.3953455,32.3427508],[119.3953722,32.3426424],[119.3954036,32.3424599],[119.3954433,32.3423545],[119.3955018,32.3422429],[119.3955659,32.3421598],[119.3956299,32.3420771],[119.3958006,32.3419103]]}},{"type":"Feature","id":"way/1032869915","properties":{"highway":"service","name":"津南路","source":"OpenStreetMap","osm_id":"way/1032869915","kind":"road"},"geometry":{"type":"LineString","coordinates":[[119.3952486,32.3418616],[119.3945503,32.3418354],[119.3942947,32.3418647],[119.3941354,32.341883],[119.3940482,32.3418854],[119.3940166,32.3418818],[119.3939908,32.3418761],[119.393966,32.3418639],[119.393949,32.3418482],[119.3939351,32.3418287],[119.3939206,32.3418006],[119.3939068,32.3417693]]}},{"type":"Feature","id":"way/1032869916","properties":{"highway":"service","name":"津南路","source":"OpenStreetMap","osm_id":"way/1032869916","kind":"road"},"geometry":{"type":"Polygon","coordinates":[[[119.392662,32.3408764],[119.3927166,32.3409279],[119.3927483,32.3409916],[119.3927535,32.3410606],[119.3927319,32.3411273],[119.3926863,32.3411837],[119.3926216,32.3412247],[119.3925447,32.3412458],[119.3925011,32.3412452],[119.3924639,32.3412448],[119.3923878,32.3412218],[119.3923245,32.3411793],[119.3922809,32.3411218],[119.3922615,32.3410555],[119.3922686,32.3409875],[119.3923013,32.340925],[119.3923246,32.3409037],[119.3923569,32.3408743],[119.392429,32.3408416],[119.3924615,32.3408373],[119.3925098,32.3408307],[119.3925904,32.3408428],[119.392662,32.3408764]]]}},{"type":"Feature","id":"way/1032869917","properties":{"highway":"path","source":"OpenStreetMap","osm_id":"way/1032869917","kind":"road"},"geometry":{"type":"LineString","coordinates":[[119.3917672,32.3417945],[119.3918564,32.3417024],[119.391898,32.3416626],[119.3919398,32.3416311],[119.3919717,32.3416066],[119.3920065,32.3415819],[119.3920467,32.3415545],[119.3920839,32.3415291],[119.3921386,32.3414925],[119.3921791,32.3414547]]}},{"type":"Feature","id":"way/1032869918","properties":{"highway":"service","source":"OpenStreetMap","osm_id":"way/1032869918","kind":"road"},"geometry":{"type":"LineString","coordinates":[[119.3923064,32.3416179],[119.3925011,32.3412452]]}},{"type":"Feature","id":"way/1032869919","properties":{"highway":"service","name":"广陵路","source":"OpenStreetMap","osm_id":"way/1032869919","kind":"road"},"geometry":{"type":"LineString","coordinates":[[119.3921791,32.3414547],[119.3921655,32.3415125],[119.392164,32.3415231],[119.3921639,32.3415321],[119.3921651,32.3415411],[119.3921684,32.3415516],[119.3921774,32.3415627],[119.3921901,32.341572],[119.3922038,32.3415787],[119.3923064,32.3416179],[119.3924026,32.3416446],[119.3924402,32.341655],[119.392535,32.341675],[119.3926191,32.3416867],[119.3927589,32.3416997],[119.392964,32.3417109],[119.3930734,32.3417306],[119.3931008,32.3417429],[119.3931986,32.3417867],[119.3933022,32.3418446],[119.39342,32.3419332],[119.3934855,32.3420215],[119.3935088,32.3420909],[119.393514,32.3421768],[119.3935031,32.3423691],[119.3934804,32.342487],[119.3934455,32.3425556],[119.3934292,32.3425875],[119.3933589,32.3426659],[119.3933365,32.3426823],[119.393227,32.3427624],[119.3929972,32.3429143],[119.3929233,32.3429845],[119.3928841,32.343031],[119.3928442,32.3430962]]}},{"type":"Feature","id":"way/1032869920","properties":{"highway":"service","source":"OpenStreetMap","osm_id":"way/1032869920","kind":"road"},"geometry":{"type":"LineString","coordinates":[[119.3925904,32.3408428],[119.392704,32.3402547]]}},{"type":"Feature","id":"way/1032869921","properties":{"highway":"service","source":"OpenStreetMap","osm_id":"way/1032869921","kind":"road"},"geometry":{"type":"LineString","coordinates":[[119.3924615,32.3408373],[119.3925045,32.3405968],[119.3925685,32.3402389]]}},{"type":"Feature","id":"way/1032869922","properties":{"highway":"service","source":"OpenStreetMap","osm_id":"way/1032869922","kind":"road"},"geometry":{"type":"LineString","coordinates":[[119.391288,32.3420645],[119.3912526,32.342132],[119.3910519,32.3425155],[119.3910062,32.3426027],[119.3905945,32.3424573]]}},{"type":"Feature","id":"way/1032869923","properties":{"highway":"service","name":"津南路","source":"OpenStreetMap","osm_id":"way/1032869923","kind":"road"},"geometry":{"type":"LineString","coordinates":[[119.3906926,32.3432048],[119.3902574,32.3430566],[119.3900177,32.3429709],[119.38983,32.3428739],[119.3897434,32.3428257],[119.3896638,32.3427517],[119.3895919,32.3426758],[119.3895309,32.3425762],[119.389475,32.3424669],[119.3894347,32.3423641],[119.3894089,32.342263],[119.3893953,32.3422096],[119.3893595,32.3420152],[119.3893434,32.3418349],[119.3893588,32.3416889],[119.3894059,32.3415045],[119.3894763,32.3413473],[119.389558,32.3412185],[119.3895818,32.3411811],[119.3896524,32.3410903],[119.3897377,32.3409806],[119.3898387,32.3408813],[119.3898776,32.3408575],[119.3899942,32.3407863],[119.3901827,32.3407003],[119.3903974,32.3406127],[119.3906817,32.3405445],[119.3908802,32.3405183],[119.3912091,32.340514],[119.3914108,32.3405228],[119.391622,32.3405618],[119.3918064,32.3406252],[119.3920228,32.3407229],[119.3923246,32.3409037]]}},{"type":"Feature","id":"way/1032869924","properties":{"highway":"service","source":"OpenStreetMap","osm_id":"way/1032869924","kind":"road"},"geometry":{"type":"LineString","coordinates":[[119.3905236,32.3425834],[119.3905945,32.3424573],[119.3906087,32.3424279],[119.3906122,32.3424019],[119.3906065,32.3423694],[119.3905654,32.3423113],[119.390448,32.3422027],[119.3903684,32.3421077],[119.3903344,32.3420557],[119.3903073,32.3420107],[119.3902978,32.3419903],[119.3902916,32.3419681],[119.3902892,32.3419517],[119.3902871,32.3419315],[119.3902895,32.3419113],[119.3902963,32.3418858],[119.3903055,32.341864],[119.3903626,32.3417543],[119.3904336,32.341618],[119.3904437,32.341591],[119.390448,32.3415756],[119.390445,32.3415638],[119.3904348,32.3415513],[119.3904195,32.3415433],[119.390325,32.3415077],[119.389558,32.3412185]]}},{"type":"Feature","id":"way/1032869925","properties":{"highway":"service","source":"OpenStreetMap","osm_id":"way/1032869925","kind":"road"},"geometry":{"type":"LineString","coordinates":[[119.3920448,32.3431212],[119.3919751,32.343585]]}},{"type":"Feature","id":"way/1032869926","properties":{"highway":"service","source":"OpenStreetMap","osm_id":"way/1032869926","kind":"road"},"geometry":{"type":"LineString","coordinates":[[119.3950527,32.3465553],[119.3949155,32.3465365],[119.3948617,32.3465292],[119.3927534,32.3462414],[119.3929072,32.3453745],[119.3929234,32.345283],[119.3929302,32.3452449]]}},{"type":"Feature","id":"way/1032869927","properties":{"highway":"service","source":"OpenStreetMap","osm_id":"way/1032869927","kind":"road"},"geometry":{"type":"LineString","coordinates":[[119.3952547,32.3455637],[119.3952461,32.3456059],[119.395148,32.3460874],[119.3950725,32.3464583],[119.3950527,32.3465553],[119.3950027,32.3468332],[119.3948658,32.3475936]]}},{"type":"Feature","id":"way/1032869928","properties":{"highway":"service","source":"OpenStreetMap","osm_id":"way/1032869928","kind":"road"},"geometry":{"type":"LineString","coordinates":[[119.3963947,32.3457112],[119.3963875,32.3457521],[119.3963077,32.3462073],[119.3962988,32.3462579],[119.3962369,32.3466109],[119.3961715,32.3469842],[119.3960382,32.3477442]]}},{"type":"Feature","id":"way/1032869929","properties":{"highway":"service","name":"津东路","source":"OpenStreetMap","osm_id":"way/1032869929","kind":"road"},"geometry":{"type":"LineString","coordinates":[[119.3999677,32.3458767],[119.400041,32.3457768],[119.4000737,32.3457232],[119.4000912,32.3456865],[119.4001054,32.3456375],[119.4001144,32.3455993],[119.4001433,32.3454273],[119.4001937,32.3451275],[119.4002961,32.3445177],[119.4002998,32.3444957],[119.4003755,32.3440412],[119.4004488,32.3435049],[119.4004751,32.3433116],[119.4005122,32.343088],[119.4005753,32.3427399],[119.400596,32.3426077],[119.400599,32.3425286],[119.4005911,32.3424928],[119.400568,32.3424491],[119.4005371,32.3424154],[119.400469,32.3423736],[119.4004073,32.3423469],[119.400337,32.3423237],[119.400256,32.342307],[119.3996287,32.3422194],[119.3994493,32.3422098],[119.3993501,32.3422186],[119.3992608,32.3422394]]}},{"type":"Feature","id":"way/1032869930","properties":{"highway":"service","source":"OpenStreetMap","osm_id":"way/1032869930","kind":"road"},"geometry":{"type":"LineString","coordinates":[[119.3971384,32.342097],[119.3970348,32.342668],[119.3969399,32.3431909],[119.3971045,32.3432101],[119.3973773,32.343242],[119.3975909,32.3432669],[119.397778,32.3432888],[119.3978619,32.3427705],[119.3979474,32.3422423]]}},{"type":"Feature","id":"way/1032869931","properties":{"highway":"service","oneway":"yes","source":"OpenStreetMap","osm_id":"way/1032869931","kind":"road"},"geometry":{"type":"LineString","coordinates":[[119.3978186,32.3417108],[119.3978165,32.3417213],[119.3977197,32.3422117]]}},{"type":"Feature","id":"way/1032869932","properties":{"highway":"service","oneway":"yes","source":"OpenStreetMap","osm_id":"way/1032869932","kind":"road"},"geometry":{"type":"LineString","coordinates":[[119.3973808,32.3421662],[119.3974863,32.3416019]]}},{"type":"Feature","id":"way/1032869933","properties":{"highway":"service","source":"OpenStreetMap","osm_id":"way/1032869933","kind":"road"},"geometry":{"type":"LineString","coordinates":[[119.3979847,32.3408691],[119.3978964,32.3413164],[119.3978578,32.3415121]]}},{"type":"Feature","id":"way/1032869934","properties":{"highway":"service","source":"OpenStreetMap","osm_id":"way/1032869934","kind":"road"},"geometry":{"type":"LineString","coordinates":[[119.3969399,32.3431909],[119.3968681,32.3432093],[119.3967973,32.3432246],[119.3967573,32.3432475],[119.3967342,32.3432738],[119.3967222,32.3433246],[119.3966278,32.3438443],[119.3965422,32.3443157],[119.3965257,32.3443457],[119.396239,32.3443104],[119.3959307,32.3442719],[119.3953134,32.3441947],[119.3947696,32.3441293]]}},{"type":"Feature","id":"way/1032869935","properties":{"highway":"service","source":"OpenStreetMap","osm_id":"way/1032869935","kind":"road"},"geometry":{"type":"LineString","coordinates":[[119.3966405,32.3457427],[119.3966468,32.3457085],[119.3967676,32.3450581],[119.3968133,32.3448117],[119.3968371,32.344683],[119.3968507,32.3446383],[119.3968599,32.3446195],[119.396873,32.3446063],[119.396893,32.3446011],[119.3969169,32.3446009],[119.397345,32.3446611],[119.3973613,32.3446681],[119.3973783,32.3446783],[119.3973879,32.3446896],[119.3973947,32.3447133],[119.3973608,32.3448989],[119.3973187,32.3451293],[119.3972001,32.3457791],[119.3971939,32.3458129]]}},{"type":"Feature","id":"way/1032869936","properties":{"highway":"service","name":"淮左路","source":"OpenStreetMap","osm_id":"way/1032869936","kind":"road"},"geometry":{"type":"LineString","coordinates":[[119.3984548,32.3457985],[119.3985549,32.3452302],[119.3986471,32.3447079],[119.3986654,32.3446592],[119.3986846,32.3446335],[119.3987192,32.344614],[119.3988115,32.3445856],[119.3988587,32.3445574],[119.3988809,32.3445338],[119.3988935,32.3444983],[119.3989642,32.344095],[119.3990365,32.3436818],[119.3990492,32.3436095],[119.3990973,32.3433349],[119.3991685,32.342929],[119.3992711,32.342343],[119.3992608,32.3422394]]}},{"type":"Feature","id":"way/1032869937","properties":{"highway":"service","source":"OpenStreetMap","osm_id":"way/1032869937","kind":"road"},"geometry":{"type":"LineString","coordinates":[[119.3991685,32.342929],[119.3984476,32.3428343]]}},{"type":"Feature","id":"way/1032869938","properties":{"highway":"service","source":"OpenStreetMap","osm_id":"way/1032869938","kind":"road"},"geometry":{"type":"LineString","coordinates":[[119.4003755,32.3440412],[119.3997372,32.3439677]]}},{"type":"Feature","id":"way/1032869939","properties":{"highway":"service","source":"OpenStreetMap","osm_id":"way/1032869939","kind":"road"},"geometry":{"type":"LineString","coordinates":[[119.3985549,32.3452302],[119.3994557,32.345342]]}},{"type":"Feature","id":"way/1032869940","properties":{"highway":"service","source":"OpenStreetMap","osm_id":"way/1032869940","kind":"road"},"geometry":{"type":"LineString","coordinates":[[119.3998693,32.3474619],[119.3982777,32.3472563],[119.3972927,32.347129],[119.397219,32.3471195],[119.397135,32.3471086],[119.3961715,32.3469842],[119.3950027,32.3468332]]}},{"type":"Feature","id":"way/1032869941","properties":{"highway":"service","source":"OpenStreetMap","osm_id":"way/1032869941","kind":"road"},"geometry":{"type":"LineString","coordinates":[[119.3997466,32.3482205],[119.3981283,32.3480126],[119.3980061,32.3479969],[119.3971597,32.3478882],[119.3970889,32.3478791],[119.3970028,32.347868],[119.3964352,32.3477952],[119.3960382,32.3477442],[119.3948658,32.3475936],[119.3941204,32.3474976],[119.3937756,32.3474532],[119.3934926,32.3474167],[119.3933714,32.3474011],[119.3926074,32.3473027],[119.3925607,32.3473218],[119.3925342,32.3473644],[119.3924809,32.3476467],[119.3924171,32.3479845],[119.3923557,32.34831],[119.3922998,32.3486064],[119.3923114,32.3486583],[119.3923566,32.3486966],[119.3924112,32.348712],[119.3924795,32.348722],[119.3938666,32.3488885],[119.3939378,32.348498],[119.393995,32.3481851],[119.3940548,32.3478574],[119.3941204,32.3474976]]}},{"type":"Feature","id":"way/1032869942","properties":{"highway":"service","source":"OpenStreetMap","osm_id":"way/1032869942","kind":"road"},"geometry":{"type":"LineString","coordinates":[[119.3939378,32.348498],[119.3923557,32.34831]]}},{"type":"Feature","id":"way/1032869943","properties":{"highway":"service","source":"OpenStreetMap","osm_id":"way/1032869943","kind":"road"},"geometry":{"type":"LineString","coordinates":[[119.393995,32.3481851],[119.3924171,32.3479845]]}},{"type":"Feature","id":"way/1032869944","properties":{"highway":"service","source":"OpenStreetMap","osm_id":"way/1032869944","kind":"road"},"geometry":{"type":"LineString","coordinates":[[119.3940548,32.3478574],[119.3924809,32.3476467]]}},{"type":"Feature","id":"way/1032869945","properties":{"highway":"track","tracktype":"grade1","surface":"concrete","source":"OpenStreetMap","osm_id":"way/1032869945","kind":"road"},"geometry":{"type":"LineString","coordinates":[[119.3995112,32.3496646],[119.3977363,32.34942],[119.3966213,32.3492663]]}},{"type":"Feature","id":"way/1032869946","properties":{"highway":"track","source":"OpenStreetMap","osm_id":"way/1032869946","kind":"road"},"geometry":{"type":"LineString","coordinates":[[119.3977363,32.34942],[119.3978091,32.3490359],[119.397814,32.3490103],[119.3980061,32.3479969]]}},{"type":"Feature","id":"way/1032869947","properties":{"highway":"track","tracktype":"grade1","surface":"concrete","source":"OpenStreetMap","osm_id":"way/1032869947","kind":"road"},"geometry":{"type":"LineString","coordinates":[[119.3995791,32.3492484],[119.397814,32.3490103]]}},{"type":"Feature","id":"way/1032869948","properties":{"highway":"service","source":"OpenStreetMap","osm_id":"way/1032869948","kind":"road"},"geometry":{"type":"LineString","coordinates":[[119.3981283,32.3480126],[119.3982777,32.3472563],[119.3984041,32.3466168],[119.3984427,32.3464217],[119.3985215,32.3460226],[119.3985289,32.3459852]]}},{"type":"Feature","id":"way/1032869949","properties":{"highway":"path","source":"OpenStreetMap","osm_id":"way/1032869949","kind":"road"},"geometry":{"type":"LineString","coordinates":[[119.3939378,32.348498],[119.3959602,32.3487795],[119.3978091,32.3490359]]}},{"type":"Feature","id":"way/1032869950","properties":{"highway":"path","source":"OpenStreetMap","osm_id":"way/1032869950","kind":"road"},"geometry":{"type":"LineString","coordinates":[[119.395826,32.349566],[119.3958945,32.3491648],[119.3959602,32.3487795]]}},{"type":"Feature","id":"way/1032869951","properties":{"highway":"path","source":"OpenStreetMap","osm_id":"way/1032869951","kind":"road"},"geometry":{"type":"LineString","coordinates":[[119.3966213,32.3492663],[119.3960594,32.3491878],[119.3958945,32.3491648]]}},{"type":"Feature","id":"way/1032869952","properties":{"highway":"footway","source":"OpenStreetMap","osm_id":"way/1032869952","kind":"road"},"geometry":{"type":"LineString","coordinates":[[119.397576,32.3414783],[119.397689,32.3408344]]}},{"type":"Feature","id":"way/1032869953","properties":{"highway":"service","source":"OpenStreetMap","osm_id":"way/1032869953","kind":"road"},"geometry":{"type":"LineString","coordinates":[[119.3990973,32.3433349],[119.3996921,32.3434097],[119.4004488,32.3435049]]}},{"type":"Feature","id":"way/1032869954","properties":{"highway":"path","source":"OpenStreetMap","osm_id":"way/1032869954","kind":"road"},"geometry":{"type":"LineString","coordinates":[[119.3965422,32.3443157],[119.3966348,32.3443974],[119.3967185,32.344468],[119.3967936,32.3445268],[119.3968408,32.3445554],[119.3969169,32.3446009]]}},{"type":"Feature","id":"way/1032869955","properties":{"highway":"footway","source":"OpenStreetMap","osm_id":"way/1032869955","kind":"road"},"geometry":{"type":"LineString","coordinates":[[119.3973879,32.3446896],[119.3974986,32.3445987],[119.3975438,32.3445797],[119.397689,32.3445266],[119.3977094,32.344502],[119.3977795,32.3440895],[119.3978098,32.3439113],[119.3977942,32.3439095]]}},{"type":"Feature","id":"way/1032869956","properties":{"highway":"footway","source":"OpenStreetMap","osm_id":"way/1032869956","kind":"road"},"geometry":{"type":"LineString","coordinates":[[119.3977795,32.3440895],[119.3979524,32.3441034]]}},{"type":"Feature","id":"way/1032869957","properties":{"bridge":"boardwalk","name":"朗月桥","surface":"wood","highway":"path","layer":"1","source":"OpenStreetMap","osm_id":"way/1032869957","kind":"road"},"geometry":{"type":"LineString","coordinates":[[119.3979524,32.3441034],[119.3980844,32.3441135],[119.3981459,32.3440564],[119.3982982,32.3440715],[119.39836,32.3440213],[119.3986071,32.3440498]]}},{"type":"Feature","id":"way/1032869958","properties":{"highway":"footway","source":"OpenStreetMap","osm_id":"way/1032869958","kind":"road"},"geometry":{"type":"LineString","coordinates":[[119.3986071,32.3440498],[119.3989642,32.344095]]}},{"type":"Feature","id":"way/1032869959","properties":{"highway":"service","service":"parking_aisle","source":"OpenStreetMap","osm_id":"way/1032869959","kind":"road"},"geometry":{"type":"LineString","coordinates":[[119.3968133,32.3448117],[119.3967311,32.3447979],[119.3967001,32.3447877],[119.3966839,32.3447776],[119.3966783,32.3447592],[119.3966787,32.3447428],[119.3966799,32.3447124],[119.3967187,32.3445505],[119.3967266,32.3445304]]}},{"type":"Feature","id":"way/1032869960","properties":{"highway":"service","service":"parking_aisle","source":"OpenStreetMap","osm_id":"way/1032869960","kind":"road"},"geometry":{"type":"LineString","coordinates":[[119.3973608,32.3448989],[119.397447,32.3448952],[119.3974784,32.3448891],[119.3974994,32.3448795],[119.3975102,32.3448671],[119.3975163,32.3448523],[119.3975235,32.3448211],[119.3975538,32.344673],[119.397553,32.3446422]]}},{"type":"Feature","id":"way/1032869961","properties":{"highway":"footway","source":"OpenStreetMap","osm_id":"way/1032869961","kind":"road"},"geometry":{"type":"LineString","coordinates":[[119.3964457,32.344802],[119.3964768,32.3446247],[119.3965257,32.3443457]]}},{"type":"Feature","id":"way/1032869962","properties":{"highway":"footway","source":"OpenStreetMap","osm_id":"way/1032869962","kind":"road"},"geometry":{"type":"LineString","coordinates":[[119.3913367,32.3439551],[119.3913695,32.3437216],[119.39141,32.3434277]]}},{"type":"Feature","id":"way/1032869963","properties":{"highway":"footway","source":"OpenStreetMap","osm_id":"way/1032869963","kind":"road"},"geometry":{"type":"LineString","coordinates":[[119.3915282,32.3439529],[119.3916831,32.343969],[119.3918033,32.3439801],[119.3918437,32.3439781],[119.391866,32.3439705],[119.3918827,32.3439615],[119.3919043,32.3439468],[119.3919082,32.3439384],[119.3919167,32.3439224],[119.3919225,32.3439094],[119.3919289,32.3438926],[119.3919483,32.3437633]]}},{"type":"Feature","id":"way/1032869964","properties":{"highway":"footway","source":"OpenStreetMap","osm_id":"way/1032869964","kind":"road"},"geometry":{"type":"LineString","coordinates":[[119.3916601,32.344162],[119.3916441,32.3442958],[119.3915851,32.3447894],[119.39158,32.3448323]]}},{"type":"Feature","id":"way/1032869965","properties":{"highway":"footway","source":"OpenStreetMap","osm_id":"way/1032869965","kind":"road"},"geometry":{"type":"LineString","coordinates":[[119.3916441,32.3442958],[119.3918875,32.3443135],[119.3919217,32.3443148],[119.3919605,32.3443131],[119.3919963,32.3443071],[119.3920201,32.3442982],[119.3920586,32.3442782],[119.3920871,32.3442496],[119.3921012,32.344214],[119.39211,32.3441688],[119.3921089,32.3441222],[119.3920957,32.3440854],[119.3920661,32.3440421],[119.3920392,32.3440182],[119.3920128,32.3439987],[119.3919841,32.3439814],[119.3919043,32.3439468]]}},{"type":"Feature","id":"way/1032869966","properties":{"highway":"footway","source":"OpenStreetMap","osm_id":"way/1032869966","kind":"road"},"geometry":{"type":"LineString","coordinates":[[119.3920201,32.3442982],[119.3920396,32.3443237],[119.3920477,32.344334],[119.3920611,32.3443695],[119.3920651,32.3444037],[119.3919671,32.3450135],[119.3919253,32.3450495],[119.3918899,32.34508]]}},{"type":"Feature","id":"way/1032869967","properties":{"highway":"footway","source":"OpenStreetMap","osm_id":"way/1032869967","kind":"road"},"geometry":{"type":"LineString","coordinates":[[119.3919671,32.3450135],[119.3926017,32.345078]]}},{"type":"Feature","id":"way/1032869968","properties":{"highway":"footway","covered":"yes","source":"OpenStreetMap","osm_id":"way/1032869968","kind":"road"},"geometry":{"type":"LineString","coordinates":[[119.3927086,32.3425021],[119.3927397,32.3424697],[119.3928115,32.3423253],[119.392979,32.3419841]]}},{"type":"Feature","id":"way/1032869969","properties":{"highway":"footway","source":"OpenStreetMap","osm_id":"way/1032869969","kind":"road"},"geometry":{"type":"LineString","coordinates":[[119.3901754,32.3470307],[119.389645,32.3469699]]}},{"type":"Feature","id":"way/1032869970","properties":{"highway":"path","source":"OpenStreetMap","osm_id":"way/1032869970","kind":"road"},"geometry":{"type":"LineString","coordinates":[[119.3927534,32.3462414],[119.3926927,32.3463019],[119.3926777,32.3463599],[119.3925281,32.3472336],[119.3925607,32.3473218]]}},{"type":"Feature","id":"way/1032869971","properties":{"highway":"path","source":"OpenStreetMap","osm_id":"way/1032869971","kind":"road"},"geometry":{"type":"LineString","coordinates":[[119.3920219,32.3472306],[119.3921035,32.3472134],[119.3921383,32.3471674],[119.3921622,32.3470924],[119.3923504,32.346182],[119.3923692,32.3460603],[119.3924408,32.3459137],[119.3924939,32.3458021],[119.3925425,32.3455072],[119.3925713,32.3454117],[119.3925866,32.3453485]]}},{"type":"Feature","id":"way/1032869972","properties":{"highway":"service","source":"OpenStreetMap","osm_id":"way/1032869972","kind":"road"},"geometry":{"type":"LineString","coordinates":[[119.3950725,32.3464583],[119.3962369,32.3466109]]}},{"type":"Feature","id":"way/1032897345","properties":{"highway":"footway","source":"OpenStreetMap","osm_id":"way/1032897345","kind":"road"},"geometry":{"type":"LineString","coordinates":[[119.3975909,32.3432669],[119.3976806,32.342748],[119.3977721,32.3422187]]}},{"type":"Feature","id":"way/1032897346","properties":{"highway":"footway","source":"OpenStreetMap","osm_id":"way/1032897346","kind":"road"},"geometry":{"type":"LineString","coordinates":[[119.3972928,32.3421543],[119.3971976,32.3426881],[119.3971045,32.3432101]]}},{"type":"Feature","id":"way/1032897347","properties":{"highway":"footway","source":"OpenStreetMap","osm_id":"way/1032897347","kind":"road"},"geometry":{"type":"LineString","coordinates":[[119.3969666,32.3426595],[119.3970348,32.342668],[119.3971976,32.3426881],[119.3976806,32.342748],[119.3978619,32.3427705]]}},{"type":"Feature","id":"way/1032897348","properties":{"highway":"footway","source":"OpenStreetMap","osm_id":"way/1032897348","kind":"road"},"geometry":{"type":"LineString","coordinates":[[119.390311,32.3452438],[119.3912383,32.3453469]]}},{"type":"Feature","id":"way/1032897352","properties":{"waterway":"weir","source":"OpenStreetMap","osm_id":"way/1032897352","kind":"waterway"},"geometry":{"type":"LineString","coordinates":[[119.3935601,32.3430467],[119.393561,32.3429917]]}},{"type":"Feature","id":"way/1032897353","properties":{"leisure":"pitch","sport":"soccer","source":"OpenStreetMap","osm_id":"way/1032897353","kind":"pitch"},"geometry":{"type":"Polygon","coordinates":[[[119.3888454,32.3465655],[119.3890171,32.3455955],[119.3897401,32.3456869],[119.3895683,32.3466568],[119.3888454,32.3465655]]]}},{"type":"Feature","id":"way/1032897354","properties":{"leisure":"pitch","sport":"baseball","source":"OpenStreetMap","osm_id":"way/1032897354","kind":"pitch"},"geometry":{"type":"Polygon","coordinates":[[[119.3890976,32.3455558],[119.3893465,32.3454487],[119.3893582,32.345472],[119.3893623,32.3454896],[119.3893668,32.3455218],[119.389367,32.3455515],[119.3893606,32.3455861],[119.3890976,32.3455558]]]}},{"type":"Feature","id":"way/1032897355","properties":{"leisure":"pitch","sport":"baseball","source":"OpenStreetMap","osm_id":"way/1032897355","kind":"pitch"},"geometry":{"type":"Polygon","coordinates":[[[119.3894124,32.3455932],[119.3896839,32.3456209],[119.3894916,32.3454673],[119.3894751,32.3454771],[119.3894587,32.3454905],[119.3894332,32.3455226],[119.3894205,32.3455478],[119.3894145,32.3455688],[119.3894124,32.3455932]]]}},{"type":"Feature","id":"way/1032897356","properties":{"leisure":"pitch","sport":"basketball","source":"OpenStreetMap","osm_id":"way/1032897356","kind":"pitch"},"geometry":{"type":"Polygon","coordinates":[[[119.3886208,32.3468674],[119.3886472,32.3467092],[119.3886669,32.3465919],[119.3885048,32.3465726],[119.3884589,32.3468481],[119.3886208,32.3468674]]]}},{"type":"Feature","id":"way/1032897357","properties":{"leisure":"pitch","sport":"basketball","source":"OpenStreetMap","osm_id":"way/1032897357","kind":"pitch"},"geometry":{"type":"Polygon","coordinates":[[[119.3886669,32.3465919],[119.3887128,32.3463144],[119.3885507,32.3462951],[119.3885048,32.3465726],[119.3886669,32.3465919]]]}},{"type":"Feature","id":"way/1032897358","properties":{"leisure":"pitch","sport":"basketball","source":"OpenStreetMap","osm_id":"way/1032897358","kind":"pitch"},"geometry":{"type":"Polygon","coordinates":[[[119.3887128,32.3463144],[119.3887584,32.3460362],[119.3885964,32.3460169],[119.3885507,32.3462951],[119.3887128,32.3463144]]]}},{"type":"Feature","id":"way/1032897359","properties":{"leisure":"pitch","sport":"basketball","source":"OpenStreetMap","osm_id":"way/1032897359","kind":"pitch"},"geometry":{"type":"Polygon","coordinates":[[[119.3887584,32.3460362],[119.3888056,32.3457592],[119.3886436,32.3457399],[119.3885964,32.3460169],[119.3887584,32.3460362]]]}},{"type":"Feature","id":"way/1032897360","properties":{"leisure":"pitch","sport":"basketball","source":"OpenStreetMap","osm_id":"way/1032897360","kind":"pitch"},"geometry":{"type":"Polygon","coordinates":[[[119.3888056,32.3457592],[119.3888545,32.3454831],[119.3886924,32.3454638],[119.3886436,32.3457399],[119.3888056,32.3457592]]]}},{"type":"Feature","id":"way/1032897361","properties":{"leisure":"pitch","sport":"basketball","source":"OpenStreetMap","osm_id":"way/1032897361","kind":"pitch"},"geometry":{"type":"Polygon","coordinates":[[[119.3888545,32.3454831],[119.3889016,32.3452046],[119.3887396,32.3451853],[119.3886924,32.3454638],[119.3888545,32.3454831]]]}},{"type":"Feature","id":"way/1032897362","properties":{"leisure":"pitch","sport":"basketball","source":"OpenStreetMap","osm_id":"way/1032897362","kind":"pitch"},"geometry":{"type":"Polygon","coordinates":[[[119.3898392,32.3461393],[119.3898811,32.3458765],[119.3900425,32.3458949],[119.3900006,32.3461577],[119.3898392,32.3461393]]]}},{"type":"Feature","id":"way/1032897363","properties":{"leisure":"pitch","sport":"basketball","source":"OpenStreetMap","osm_id":"way/1032897363","kind":"pitch"},"geometry":{"type":"Polygon","coordinates":[[[119.3898908,32.3458293],[119.3899328,32.3455665],[119.3900942,32.3455849],[119.3900522,32.3458477],[119.3898908,32.3458293]]]}},{"type":"Feature","id":"way/1032897364","properties":{"leisure":"pitch","sport":"basketball","source":"OpenStreetMap","osm_id":"way/1032897364","kind":"pitch"},"geometry":{"type":"Polygon","coordinates":[[[119.3900482,32.3461628],[119.3900901,32.3459],[119.3902516,32.3459184],[119.3902096,32.3461812],[119.3900482,32.3461628]]]}},{"type":"Feature","id":"way/1032897365","properties":{"leisure":"pitch","sport":"basketball","source":"OpenStreetMap","osm_id":"way/1032897365","kind":"pitch"},"geometry":{"type":"Polygon","coordinates":[[[119.3901002,32.3458545],[119.3901422,32.3455918],[119.3903036,32.3456102],[119.3902616,32.3458729],[119.3901002,32.3458545]]]}},{"type":"Feature","id":"way/1032897366","properties":{"leisure":"pitch","sport":"tennis","source":"OpenStreetMap","osm_id":"way/1032897366","kind":"pitch"},"geometry":{"type":"Polygon","coordinates":[[[119.3897909,32.346566],[119.3898232,32.3463635],[119.3899255,32.3463752],[119.3898933,32.3465776],[119.3897909,32.346566]]]}},{"type":"Feature","id":"way/1032897367","properties":{"leisure":"pitch","sport":"tennis","source":"OpenStreetMap","osm_id":"way/1032897367","kind":"pitch"},"geometry":{"type":"Polygon","coordinates":[[[119.389998,32.3465912],[119.3900303,32.3463887],[119.3901326,32.3464004],[119.3901004,32.3466028],[119.389998,32.3465912]]]}},{"type":"Feature","id":"way/1032897368","properties":{"leisure":"pitch","sport":"tennis","source":"OpenStreetMap","osm_id":"way/1032897368","kind":"pitch"},"geometry":{"type":"Polygon","coordinates":[[[119.3897319,32.3468936],[119.3897642,32.3466911],[119.3898666,32.3467028],[119.3898343,32.3469052],[119.3897319,32.3468936]]]}},{"type":"Feature","id":"way/1032897369","properties":{"leisure":"pitch","sport":"tennis","source":"OpenStreetMap","osm_id":"way/1032897369","kind":"pitch"},"geometry":{"type":"Polygon","coordinates":[[[119.3899402,32.346918],[119.3899725,32.3467156],[119.3900748,32.3467272],[119.3900426,32.3469297],[119.3899402,32.346918]]]}},{"type":"Feature","id":"way/1032897373","properties":{"leisure":"track","sport":"running","source":"OpenStreetMap","osm_id":"way/1032897373","kind":"track"},"geometry":{"type":"LineString","coordinates":[[119.3887309,32.3466968],[119.3887644,32.3465126],[119.3889308,32.3455965],[119.3889621,32.345424]]}},{"type":"Feature","id":"way/1032897374","properties":{"leisure":"track","sport":"running","source":"OpenStreetMap","osm_id":"way/1032897374","kind":"track"},"geometry":{"type":"LineString","coordinates":[[119.3889308,32.3455965],[119.38899,32.3454992],[119.3890566,32.3454509],[119.3891653,32.3453993],[119.3892502,32.3453769],[119.3893719,32.3453697],[119.389478,32.3453814],[119.3895632,32.3454089],[119.3896593,32.3454662],[119.3897146,32.3455187],[119.3897604,32.3455853],[119.3897899,32.3456472],[119.3898127,32.3457312]]}},{"type":"Feature","id":"way/1032897375","properties":{"leisure":"track","sport":"running","source":"OpenStreetMap","osm_id":"way/1032897375","kind":"track"},"geometry":{"type":"LineString","coordinates":[[119.3898422,32.345558],[119.3898127,32.3457312],[119.389731,32.3462123],[119.3896619,32.3466197],[119.3896283,32.3468171]]}},{"type":"Feature","id":"way/1032897376","properties":{"leisure":"track","sport":"running","source":"OpenStreetMap","osm_id":"way/1032897376","kind":"track"},"geometry":{"type":"LineString","coordinates":[[119.3896619,32.3466197],[119.3895731,32.3467493],[119.3894702,32.3468157],[119.3893888,32.3468484],[119.3893059,32.3468742],[119.3892116,32.3468802],[119.3891285,32.3468752],[119.3890346,32.3468511],[119.3889782,32.3468208],[119.3889215,32.3467803],[119.3888588,32.3467186],[119.3888169,32.3466566],[119.3887898,32.3466024],[119.3887644,32.3465126]]}},{"type":"Feature","id":"way/1032897383","properties":{"highway":"footway","source":"OpenStreetMap","osm_id":"way/1032897383","kind":"road"},"geometry":{"type":"LineString","coordinates":[[119.3902984,32.3462792],[119.3897817,32.3462183],[119.389731,32.3462123]]}},{"type":"Feature","id":"way/1032897384","properties":{"leisure":"pitch","source":"OpenStreetMap","osm_id":"way/1032897384","kind":"pitch"},"geometry":{"type":"Polygon","coordinates":[[[119.3886689,32.3467129],[119.3887893,32.3467279],[119.3888757,32.3468131],[119.3889528,32.3468658],[119.3890508,32.3468993],[119.3891755,32.3469151],[119.3892751,32.3469151],[119.3893467,32.3469009],[119.3894327,32.3468656],[119.3894961,32.3468353],[119.3895527,32.3468014],[119.3896729,32.3468141],[119.3898998,32.3455652],[119.3898422,32.345558],[119.3898134,32.3455545],[119.3897864,32.3455035],[119.3897362,32.3454507],[119.3896714,32.3454056],[119.3895578,32.3453508],[119.3894626,32.3453261],[119.3893826,32.3453225],[119.3893144,32.3453243],[119.3892492,32.3453294],[119.3891706,32.3453565],[119.3890559,32.3454184],[119.3890208,32.3454281],[119.3889034,32.3454136],[119.3886689,32.3467129]]]}},{"type":"Feature","id":"way/1032897385","properties":{"building":"yes","name":"文体馆","leisure":"sports_hall","source":"OpenStreetMap","osm_id":"way/1032897385","kind":"building"},"geometry":{"type":"Polygon","coordinates":[[[119.3948428,32.3457357],[119.3947229,32.3463509],[119.393849,32.3462292],[119.3938329,32.3463116],[119.3928335,32.3461724],[119.3929783,32.3454304],[119.3939767,32.3455695],[119.393968,32.345614],[119.3948428,32.3457357]]]}},{"type":"Feature","id":"way/1032897386","properties":{"building":"yes","amenity":"library","name":"昭文馆","layer":"1","source":"OpenStreetMap","osm_id":"way/1032897386","kind":"building"},"geometry":{"type":"Polygon","coordinates":[[[119.3967696,32.3433655],[119.3973779,32.3434419],[119.3973394,32.3436607],[119.396986,32.3436163],[119.3969358,32.3439023],[119.3974972,32.3439726],[119.3975826,32.343486],[119.3975854,32.3434701],[119.397591,32.343438],[119.3978305,32.343468],[119.3978672,32.3434726],[119.3978069,32.3438163],[119.3977975,32.3438702],[119.3976917,32.3444739],[119.3972207,32.344415],[119.3972105,32.344473],[119.3973284,32.3444877],[119.3973153,32.3445622],[119.3969574,32.3445173],[119.3969699,32.3444466],[119.3970836,32.3444609],[119.3970958,32.3443915],[119.3966,32.3443292],[119.396688,32.3438294],[119.3967696,32.3433655]]]}},{"type":"Feature","id":"way/1032897387","properties":{"intermittent":"yes","natural":"water","water":"basin","basin":"fish_breeding","source":"OpenStreetMap","osm_id":"way/1032897387","kind":"water"},"geometry":{"type":"Polygon","coordinates":[[[119.396688,32.3438294],[119.3966552,32.3438248],[119.3967336,32.3433714],[119.3967427,32.3433388],[119.396758,32.34332],[119.3967905,32.343308],[119.3968142,32.3433089],[119.3972868,32.3433678],[119.3974031,32.3433801],[119.397834,32.3434326],[119.3978305,32.343468],[119.397591,32.343438],[119.3975854,32.3434701],[119.3974627,32.3434525],[119.3974689,32.3434234],[119.3968203,32.3433461],[119.3967901,32.3433464],[119.3967733,32.3433534],[119.3967696,32.3433655],[119.396688,32.3438294]]]}},{"type":"Feature","id":"way/1032897391","properties":{"building":"college","name":"笃学楼","alt_name":"西校区7号楼","layer":"1","source":"OpenStreetMap","osm_id":"way/1032897391","kind":"building"},"geometry":{"type":"Polygon","coordinates":[[[119.3912274,32.3426495],[119.391385,32.3427076],[119.3914442,32.3427294],[119.391817,32.3428667],[119.3919303,32.3426472],[119.3915621,32.3425115],[119.3915018,32.3424893],[119.3914327,32.3424638],[119.3913407,32.3424299],[119.3912891,32.3425299],[119.3912274,32.3426495]]]}},{"type":"Feature","id":"way/1032897392","properties":{"building":"college","name":"博学楼","alt_name":"西校区8号楼","layer":"1","source":"OpenStreetMap","osm_id":"way/1032897392","kind":"building"},"geometry":{"type":"Polygon","coordinates":[[[119.3907191,32.3426689],[119.390962,32.3427587],[119.3909858,32.3427127],[119.391063,32.3427412],[119.3911297,32.3427659],[119.3911091,32.3428057],[119.3912982,32.3428756],[119.3913589,32.3428981],[119.3913218,32.3429696],[119.3912961,32.3430194],[119.3912646,32.3430801],[119.3909502,32.3429638],[119.3906281,32.3428446],[119.3906764,32.3427514],[119.3906855,32.3427339],[119.3907191,32.3426689]]]}},{"type":"Feature","id":"way/1032897393","properties":{"building":"yes","source":"OpenStreetMap","osm_id":"way/1032897393","kind":"building"},"geometry":{"type":"Polygon","coordinates":[[[119.3913589,32.3428981],[119.3914442,32.3427294],[119.391385,32.3427076],[119.3912982,32.3428756],[119.3913589,32.3428981]]]}},{"type":"Feature","id":"way/1032897394","properties":{"building":"college","source":"OpenStreetMap","osm_id":"way/1032897394","kind":"building"},"geometry":{"type":"Polygon","coordinates":[[[119.3914119,32.3431241],[119.3913999,32.3430952],[119.3914003,32.3430646],[119.3914129,32.343036],[119.3914362,32.3430126],[119.3914676,32.3429974],[119.3915032,32.342992],[119.3915389,32.3429972],[119.3915703,32.3430122],[119.3915918,32.3430327],[119.3916049,32.3430576],[119.3916084,32.3430848],[119.391602,32.3431116],[119.3915862,32.3431354],[119.3915626,32.3431541],[119.3915334,32.3431658],[119.3915013,32.3431694],[119.3914658,32.3431635],[119.3914348,32.3431478],[119.3914119,32.3431241]]]}},{"type":"Feature","id":"way/1032897395","properties":{"building":"college","name":"报告厅","source":"OpenStreetMap","osm_id":"way/1032897395","kind":"building"},"geometry":{"type":"Polygon","coordinates":[[[119.3914221,32.3424135],[119.3914099,32.3423834],[119.3914103,32.3423516],[119.3914234,32.3423218],[119.3914476,32.3422974],[119.3914801,32.3422813],[119.3915171,32.3422754],[119.3915442,32.342279],[119.3915586,32.3422815],[119.3915673,32.3422845],[119.3915732,32.3422865],[119.3915874,32.3422955],[119.3916107,32.342317],[119.3916251,32.3423435],[119.3916291,32.3423724],[119.3916223,32.342401],[119.3916054,32.3424264],[119.3915801,32.3424461],[119.3915488,32.3424583],[119.3915145,32.3424617],[119.3914777,32.3424551],[119.3914457,32.3424384],[119.3914221,32.3424135]]]}},{"type":"Feature","id":"way/1032897396","properties":{"building":"university","source":"OpenStreetMap","osm_id":"way/1032897396","kind":"building"},"geometry":{"type":"Polygon","coordinates":[[[119.391817,32.3428667],[119.3918845,32.3428906],[119.3919392,32.34291],[119.391955,32.3428885],[119.3919838,32.3428494],[119.3920126,32.3427965],[119.3920221,32.3427462],[119.3920197,32.3427116],[119.3920141,32.3426872],[119.391998,32.3426523],[119.3919822,32.342623],[119.3919454,32.3425686],[119.3919308,32.342546],[119.3919206,32.3425262],[119.3919154,32.3425039],[119.391913,32.3424842],[119.3919109,32.3424541],[119.3919133,32.3424199],[119.3919204,32.3423869],[119.3919293,32.3423563],[119.3919409,32.3423324],[119.3919584,32.3423123],[119.3919764,32.3422973],[119.3920113,32.3422762],[119.3920449,32.3422597],[119.3920671,32.3422544],[119.3920887,32.3422528],[119.3921072,32.3422532],[119.3921243,32.3422556],[119.3921402,32.342259],[119.392153,32.3422646],[119.3921654,32.3422735],[119.3921767,32.3422825],[119.3923119,32.3423837],[119.392355,32.3424095],[119.3923656,32.3424129],[119.3923768,32.3424146],[119.3924156,32.342414],[119.3924304,32.3424156],[119.3924458,32.3424193],[119.3924721,32.3424329],[119.3924952,32.3424458],[119.3925329,32.3424715],[119.392545,32.3424769],[119.3925606,32.3424818],[119.3925796,32.3424842],[119.3926063,32.3424823],[119.3926369,32.3424832],[119.3926635,32.3424865],[119.3926971,32.3424981],[119.3927086,32.3425021],[119.3927865,32.342529],[119.3929678,32.3425916],[119.3929846,32.3425572],[119.3930151,32.3424947],[119.3930407,32.3425028],[119.39308,32.3424231],[119.3931085,32.3423653],[119.3932126,32.3421513],[119.3931865,32.3421403],[119.3932215,32.342078],[119.3930206,32.3420002],[119.392979,32.3419841],[119.39292,32.3419611],[119.3927738,32.3419045],[119.3926475,32.3421422],[119.3925558,32.3421093],[119.392538,32.3420563],[119.3924502,32.3420247],[119.3923842,32.3420544],[119.3922465,32.3420027],[119.3921926,32.3419839],[119.3919441,32.3418927],[119.3918902,32.3418726],[119.3918723,32.341866],[119.3918512,32.3419083],[119.3917295,32.3418628],[119.3916898,32.341848],[119.3913696,32.3417284],[119.3912451,32.3419872],[119.3913547,32.3420246],[119.3913981,32.3419313],[119.3916626,32.3420317],[119.3916269,32.3421063],[119.3915442,32.342279],[119.3915586,32.3422815],[119.3915673,32.3422845],[119.3915732,32.3422865],[119.3915874,32.3422955],[119.3916719,32.3421234],[119.3918783,32.3421997],[119.3917125,32.342523],[119.3915828,32.342473],[119.3915621,32.3425115],[119.3919303,32.3426472],[119.391817,32.3428667]]]}},{"type":"Feature","id":"way/1032897397","properties":{"building":"university","name":"立学楼","source":"OpenStreetMap","osm_id":"way/1032897397","kind":"building"},"geometry":{"type":"Polygon","coordinates":[[[119.3912451,32.3419872],[119.3913696,32.3417284],[119.3914344,32.3415937],[119.3913118,32.3415933],[119.3912599,32.3415966],[119.3911749,32.3416095],[119.3910821,32.3416327],[119.3909994,32.3416689],[119.3909192,32.3417185],[119.3908674,32.341769],[119.3908244,32.3418326],[119.390792,32.3418975],[119.3907776,32.3419512],[119.3907723,32.3419894],[119.3907737,32.3420208],[119.3907367,32.3420231],[119.3907451,32.3421779],[119.3907534,32.34223],[119.3907718,32.3422856],[119.3907987,32.3423372],[119.3908011,32.3423423],[119.3908347,32.3423861],[119.3908768,32.3424281],[119.3909082,32.3424524],[119.3909466,32.3424741],[119.3909807,32.3424109],[119.391032,32.3424297],[119.3911872,32.3421075],[119.3912451,32.3419872]]]}},{"type":"Feature","id":"way/1032897398","properties":{"layer":"1","building":"university","source":"OpenStreetMap","osm_id":"way/1032897398","kind":"building"},"geometry":{"type":"Polygon","coordinates":[[[119.3902766,32.3418104],[119.3903692,32.3416392],[119.3902882,32.3416079],[119.3896496,32.3413614],[119.389557,32.3415327],[119.3895467,32.3415796],[119.3895127,32.3417405],[119.3894984,32.3419456],[119.3895011,32.3421169],[119.3895269,32.3422945],[119.3902794,32.3425733],[119.3906855,32.3427339],[119.3907191,32.3426689],[119.3903143,32.3425061],[119.3904036,32.3423341],[119.389651,32.3420553],[119.3895826,32.3420354],[119.3895663,32.3420104],[119.3895653,32.3419804],[119.3895621,32.3418808],[119.3895757,32.3417336],[119.3895935,32.3416321],[119.3896124,32.3415541],[119.3902766,32.3418104]]]}},{"type":"Feature","id":"way/1032897399","properties":{"building":"university","name":"实学楼","alt_name":"西校区6-1号楼","layer":"1","source":"OpenStreetMap","osm_id":"way/1032897399","kind":"building"},"geometry":{"type":"Polygon","coordinates":[[[119.3902766,32.3418104],[119.3903692,32.3416392],[119.3902882,32.3416079],[119.3896496,32.3413614],[119.389557,32.3415327],[119.3896124,32.3415541],[119.3902766,32.3418104]]]}},{"type":"Feature","id":"way/1032897400","properties":{"building":"university","name":"恒学楼","alt_name":"西校区6-2号楼","layer":"1","source":"OpenStreetMap","osm_id":"way/1032897400","kind":"building"},"geometry":{"type":"Polygon","coordinates":[[[119.3895269,32.3422945],[119.389651,32.3420553],[119.3904036,32.3423341],[119.3903143,32.3425061],[119.3902794,32.3425733],[119.3895269,32.3422945]]]}},{"type":"Feature","id":"way/1032897401","properties":{"building":"university","name":"文荟楼","alt_name":"西校区11号楼","source":"OpenStreetMap","osm_id":"way/1032897401","kind":"building"},"geometry":{"type":"Polygon","coordinates":[[[119.392502,32.343636],[119.3924778,32.3438144],[119.3919483,32.3437633],[119.3915564,32.3437254],[119.3914644,32.3437165],[119.3913902,32.3437094],[119.3914144,32.3435308],[119.3919163,32.3435794],[119.3919751,32.343585],[119.392059,32.3435932],[119.392502,32.343636]]]}},{"type":"Feature","id":"way/1032897402","properties":{"building":"university","name":"文萃楼","alt_name":"西校区12号楼","layer":"1","source":"OpenStreetMap","osm_id":"way/1032897402","kind":"building"},"geometry":{"type":"Polygon","coordinates":[[[119.3906911,32.3439059],[119.3912824,32.3439614],[119.3914311,32.3439749],[119.3915232,32.3439834],[119.3916213,32.3439932],[119.3916076,32.3440975],[119.3916044,32.3441219],[119.3916008,32.3441495],[119.3915897,32.3442337],[119.391187,32.344196],[119.3906594,32.3441466],[119.3906911,32.3439059]]]}},{"type":"Feature","id":"way/1032897403","properties":{"building":"university","name":"12号楼报告厅","building:levels":"2","source":"OpenStreetMap","osm_id":"way/1032897403","kind":"building"},"geometry":{"type":"Polygon","coordinates":[[[119.3918136,32.3440486],[119.3918575,32.344029],[119.3919068,32.344023],[119.3919555,32.3440314],[119.3919956,32.3440515],[119.392026,32.3440813],[119.3920438,32.3441177],[119.3920469,32.344157],[119.3920351,32.3441951],[119.3920097,32.344228],[119.3919732,32.3442525],[119.3919294,32.3442659],[119.3918828,32.3442669],[119.3918383,32.3442554],[119.3918003,32.3442325],[119.3917729,32.3442007],[119.3917585,32.3441605],[119.3917601,32.3441338],[119.391761,32.3441185],[119.3917667,32.3441068],[119.3917801,32.3440797],[119.3918136,32.3440486]]]}},{"type":"Feature","id":"way/1032897404","properties":{"building":"dormitory","name":"留学生公寓南楼","alt_name":"西校区13号楼","source":"OpenStreetMap","osm_id":"way/1032897404","kind":"building"},"geometry":{"type":"Polygon","coordinates":[[[119.3925882,32.3446265],[119.392614,32.3444546],[119.3920899,32.3443984],[119.3920641,32.3445703],[119.3925882,32.3446265]]]}},{"type":"Feature","id":"way/1032897405","properties":{"building":"dormitory","name":"留学生公寓北楼","alt_name":"西校区15号楼","source":"OpenStreetMap","osm_id":"way/1032897405","kind":"building"},"geometry":{"type":"Polygon","coordinates":[[[119.3925257,32.3450213],[119.3925515,32.3448495],[119.3920274,32.3447932],[119.3920016,32.3449652],[119.3925257,32.3450213]]]}},{"type":"Feature","id":"way/1032897406","properties":{"building":"yes","amenity":"restaurant","alt_name":"西校区16号楼","name":"润园","building:levels":"2","source":"OpenStreetMap","osm_id":"way/1032897406","kind":"building"},"geometry":{"type":"Polygon","coordinates":[[[119.390431,32.3446732],[119.3906509,32.3446955],[119.3906795,32.3444976],[119.3907399,32.344504],[119.3907714,32.3445073],[119.390965,32.3445674],[119.3911494,32.3446712],[119.3911994,32.3447194],[119.3912846,32.3448015],[119.3913055,32.3448308],[119.3913163,32.3448512],[119.3912673,32.3448791],[119.3912528,32.3450539],[119.3912708,32.3450555],[119.3912569,32.3451953],[119.3912435,32.3452996],[119.390367,32.3452016],[119.3903995,32.3449333],[119.390431,32.3446732]]]}},{"type":"Feature","id":"way/1032897407","properties":{"building":"dormitory","name":"驿苑4号楼","alt_name":"西校区20号楼","source":"OpenStreetMap","osm_id":"way/1032897407","kind":"building"},"geometry":{"type":"Polygon","coordinates":[[[119.3901224,32.3444219],[119.3902713,32.3445929],[119.3900694,32.3447096],[119.3900052,32.3447303],[119.3899273,32.3447393],[119.3891826,32.3446652],[119.3891117,32.3446258],[119.3889511,32.3444564],[119.3891607,32.3443316],[119.38931,32.3444684],[119.3899247,32.34452],[119.3901224,32.3444219]]]}},{"type":"Feature","id":"way/1032897408","properties":{"building":"dormitory","name":"西校区29号楼","source":"OpenStreetMap","osm_id":"way/1032897408","kind":"building"},"geometry":{"type":"Polygon","coordinates":[[[119.3895525,32.3448912],[119.3895304,32.3450526],[119.3889113,32.3449921],[119.3889334,32.3448308],[119.3895525,32.3448912]]]}},{"type":"Feature","id":"way/1032897409","properties":{"building":"dormitory","name":"驿苑3号楼","alt_name":"西校区19号楼","source":"OpenStreetMap","osm_id":"way/1032897409","kind":"building"},"geometry":{"type":"Polygon","coordinates":[[[119.3899633,32.3440954],[119.3899327,32.3442917],[119.3893725,32.3442292],[119.3894031,32.344033],[119.3899633,32.3440954]]]}},{"type":"Feature","id":"way/1032897410","properties":{"building":"dormitory","name":"驿苑2号楼","alt_name":"西校区18号楼","source":"OpenStreetMap","osm_id":"way/1032897410","kind":"building"},"geometry":{"type":"Polygon","coordinates":[[[119.3900225,32.3436547],[119.3899918,32.3438509],[119.3894316,32.3437884],[119.3894622,32.3435923],[119.3900225,32.3436547]]]}},{"type":"Feature","id":"way/1032897411","properties":{"building":"dormitory","name":"驿苑1号楼","alt_name":"西校区17号楼","source":"OpenStreetMap","osm_id":"way/1032897411","kind":"building"},"geometry":{"type":"Polygon","coordinates":[[[119.3892756,32.3434685],[119.3894868,32.3433523],[119.3900822,32.3434098],[119.3902344,32.3435614],[119.3904371,32.3434379],[119.3902422,32.3432354],[119.390172,32.3432163],[119.3894467,32.3431394],[119.3894096,32.343146],[119.3891372,32.3433111],[119.3892756,32.3434685]]]}},{"type":"Feature","id":"way/1032897412","properties":{"building":"yes","name":"西配电房","substation":"minor_distribution","power":"substation","source":"OpenStreetMap","osm_id":"way/1032897412","kind":"building"},"geometry":{"type":"Polygon","coordinates":[[[119.3891875,32.3428366],[119.3894572,32.3428628],[119.3894339,32.3430338],[119.3891642,32.3430076],[119.3891875,32.3428366]]]}},{"type":"Feature","id":"way/1032897413","properties":{"building":"dormitory","source":"OpenStreetMap","osm_id":"way/1032897413","kind":"building"},"geometry":{"type":"Polygon","coordinates":[[[119.390474,32.3455608],[119.3912619,32.3456555],[119.3912288,32.3458541],[119.3911942,32.3460612],[119.3911623,32.3462488],[119.3903758,32.3461535],[119.3904077,32.3459658],[119.3910402,32.3460425],[119.3910746,32.3458385],[119.3904401,32.3457622],[119.390474,32.3455608]]]}},{"type":"Feature","id":"way/1032897414","properties":{"building":"dormitory","source":"OpenStreetMap","osm_id":"way/1032897414","kind":"building"},"geometry":{"type":"Polygon","coordinates":[[[119.3903372,32.3463612],[119.3911251,32.3464559],[119.3910911,32.3466572],[119.391057,32.3468599],[119.3910251,32.3470488],[119.3902385,32.3469542],[119.3902703,32.3467655],[119.3909035,32.3468418],[119.3909377,32.3466389],[119.3903032,32.3465626],[119.3903372,32.3463612]]]}},{"type":"Feature","id":"way/1032897415","properties":{"building":"dormitory","source":"OpenStreetMap","osm_id":"way/1032897415","kind":"building"},"geometry":{"type":"Polygon","coordinates":[[[119.3921341,32.3465778],[119.3913464,32.3464821],[119.3913123,32.346682],[119.391278,32.3468878],[119.3912465,32.3470758],[119.3920335,32.3471699],[119.392065,32.3469818],[119.391432,32.3469062],[119.3914666,32.3467008],[119.3921,32.3467779],[119.3921341,32.3465778]]]}},{"type":"Feature","id":"way/1032897416","properties":{"building":"dormitory","source":"OpenStreetMap","osm_id":"way/1032897416","kind":"building"},"geometry":{"type":"Polygon","coordinates":[[[119.3922766,32.3457768],[119.391489,32.3456807],[119.3914549,32.3458801],[119.3914212,32.3460858],[119.3913895,32.3462745],[119.3921764,32.346369],[119.3922082,32.3461803],[119.3915749,32.3461042],[119.3916095,32.345899],[119.3922425,32.3459764],[119.3922766,32.3457768]]]}},{"type":"Feature","id":"way/1032897417","properties":{"highway":"pedestrian","area":"yes","source":"OpenStreetMap","osm_id":"way/1032897417","kind":"road"},"geometry":{"type":"Polygon","coordinates":[[[119.391293,32.3455557],[119.391386,32.3455679],[119.391554,32.3455868],[119.3915764,32.3454439],[119.3916411,32.3454508],[119.3916667,32.3452832],[119.3917593,32.345292],[119.3917913,32.3450605],[119.391738,32.3450179],[119.3917031,32.3449908],[119.3916659,32.3449618],[119.3916144,32.3449182],[119.3915734,32.3448834],[119.3914222,32.3447348],[119.3914136,32.3447454],[119.3913749,32.3447929],[119.3913178,32.3448225],[119.3913055,32.3448308],[119.3913163,32.3448512],[119.3913577,32.3449297],[119.3913699,32.3449938],[119.3913594,32.345068],[119.3913342,32.3451283],[119.391304,32.3451639],[119.3912754,32.3451865],[119.3912569,32.3451953],[119.3912435,32.3452996],[119.3912383,32.3453469],[119.3913214,32.3453543],[119.3913158,32.3453941],[119.391293,32.3455557]]]}},{"type":"Feature","id":"way/1032897419","properties":{"layer":"1","building":"yes","source":"OpenStreetMap","osm_id":"way/1032897419","kind":"building"},"geometry":{"type":"Polygon","coordinates":[[[119.3916076,32.3440975],[119.3917667,32.3441068],[119.391761,32.3441185],[119.3917601,32.3441338],[119.3917585,32.3441605],[119.3916324,32.3441517],[119.3916008,32.3441495],[119.3916044,32.3441219],[119.3916076,32.3440975]]]}},{"type":"Feature","id":"way/1032897421","properties":{"highway":"footway","source":"OpenStreetMap","osm_id":"way/1032897421","kind":"road"},"geometry":{"type":"LineString","coordinates":[[119.3923064,32.3416179],[119.3922373,32.3417501]]}},{"type":"Feature","id":"way/1032897422","properties":{"highway":"footway","source":"OpenStreetMap","osm_id":"way/1032897422","kind":"road"},"geometry":{"type":"LineString","coordinates":[[119.3933365,32.3426823],[119.3929846,32.3425572]]}},{"type":"Feature","id":"way/1032897423","properties":{"highway":"steps","incline":"up","source":"OpenStreetMap","osm_id":"way/1032897423","kind":"road"},"geometry":{"type":"LineString","coordinates":[[119.3929846,32.3425572],[119.3928298,32.342505]]}},{"type":"Feature","id":"way/1032897424","properties":{"highway":"footway","layer":"1","source":"OpenStreetMap","osm_id":"way/1032897424","kind":"road"},"geometry":{"type":"LineString","coordinates":[[119.3928298,32.342505],[119.3926186,32.3424402],[119.3925483,32.342418],[119.3924745,32.3423838],[119.3924063,32.3423716],[119.3923432,32.3423564],[119.3923008,32.3423341],[119.3922656,32.342301],[119.3922353,32.3422658],[119.3922031,32.3422422],[119.3921848,32.3422342],[119.3921652,32.3422283],[119.3921467,32.3422235],[119.3921271,32.3422203],[119.3921056,32.342217],[119.3920818,32.3422161],[119.392045,32.3422215],[119.3920191,32.3422294],[119.3919976,32.3422375],[119.3919871,32.3422434],[119.3919649,32.3422558],[119.3919454,32.342281],[119.3919222,32.3423157],[119.391906,32.3423428],[119.3918891,32.3423776],[119.3918806,32.3423999],[119.3918746,32.3424327],[119.3918701,32.3424591],[119.3918673,32.3424912],[119.3918682,32.3425037],[119.3918743,32.3425215],[119.3918856,32.3425428],[119.3918966,32.3425607],[119.391918,32.3425909],[119.3919434,32.3426348],[119.3919644,32.3426717],[119.3919679,32.3426902],[119.3919696,32.342704],[119.3919678,32.342722],[119.3919479,32.3427734],[119.3918845,32.3428906]]}},{"type":"Feature","id":"way/1032897425","properties":{"highway":"footway","source":"OpenStreetMap","osm_id":"way/1032897425","kind":"road"},"geometry":{"type":"LineString","coordinates":[[119.3921121,32.3430885],[119.3922535,32.3427302],[119.3922766,32.3426924],[119.3923044,32.3426637],[119.3923435,32.3426329],[119.392398,32.3426207],[119.3925081,32.3426065],[119.3925771,32.342582],[119.3926286,32.3425542],[119.3927086,32.3425021]]}},{"type":"Feature","id":"way/1032897426","properties":{"highway":"footway","source":"OpenStreetMap","osm_id":"way/1032897426","kind":"road"},"geometry":{"type":"LineString","coordinates":[[119.392979,32.3419841],[119.3931008,32.3417429]]}},{"type":"Feature","id":"way/1032897427","properties":{"highway":"steps","incline":"down","source":"OpenStreetMap","osm_id":"way/1032897427","kind":"road"},"geometry":{"type":"LineString","coordinates":[[119.3918845,32.3428906],[119.3918374,32.3429871]]}},{"type":"Feature","id":"way/1032897428","properties":{"highway":"footway","source":"OpenStreetMap","osm_id":"way/1032897428","kind":"road"},"geometry":{"type":"LineString","coordinates":[[119.3918374,32.3429871],[119.3917705,32.3431249],[119.3917456,32.3432023],[119.3917412,32.3432718],[119.3917457,32.3433257],[119.3917483,32.3433346],[119.3917567,32.3433632]]}},{"type":"Feature","id":"way/1032897429","properties":{"highway":"steps","incline":"up","source":"OpenStreetMap","osm_id":"way/1032897429","kind":"road"},"geometry":{"type":"LineString","coordinates":[[119.3922373,32.3417501],[119.3921289,32.3419575]]}},{"type":"Feature","id":"way/1032897430","properties":{"highway":"footway","layer":"1","source":"OpenStreetMap","osm_id":"way/1032897430","kind":"road"},"geometry":{"type":"LineString","coordinates":[[119.3921289,32.3419575],[119.3920736,32.3420633],[119.3919649,32.3422558]]}},{"type":"Feature","id":"way/1032897431","properties":{"layer":"1","incline":"up","highway":"steps","source":"OpenStreetMap","osm_id":"way/1032897431","kind":"road"},"geometry":{"type":"LineString","coordinates":[[119.391288,32.3420645],[119.3913362,32.3419686]]}},{"type":"Feature","id":"way/1032897432","properties":{"highway":"footway","layer":"1","source":"OpenStreetMap","osm_id":"way/1032897432","kind":"road"},"geometry":{"type":"LineString","coordinates":[[119.3913362,32.3419686],[119.391409,32.341826],[119.391888,32.3419973],[119.3920736,32.3420633],[119.3921657,32.3420962],[119.3922137,32.3421134],[119.3922309,32.342126],[119.3922371,32.3421358],[119.3922656,32.342301]]}},{"type":"Feature","id":"way/1032897433","properties":{"leisure":"pitch","sport":"soccer","source":"OpenStreetMap","osm_id":"way/1032897433","kind":"pitch"},"geometry":{"type":"Polygon","coordinates":[[[119.3935436,32.3446563],[119.3936991,32.3436985],[119.3944113,32.343781],[119.3942556,32.3447388],[119.3935436,32.3446563]]]}},{"type":"Feature","id":"way/1032897434","properties":{"leisure":"pitch","source":"OpenStreetMap","osm_id":"way/1032897434","kind":"pitch"},"geometry":{"type":"Polygon","coordinates":[[[119.3933769,32.3447992],[119.3935107,32.3448161],[119.3936184,32.3449272],[119.3936944,32.3449667],[119.3938292,32.3450054],[119.3939245,32.345009],[119.3940255,32.3450044],[119.3941284,32.3449723],[119.3942206,32.344908],[119.3943563,32.344925],[119.3945955,32.3436407],[119.3944975,32.3436268],[119.3944932,32.343652],[119.3944333,32.3435993],[119.3943607,32.3435381],[119.3942909,32.3434954],[119.39421,32.3434598],[119.3941134,32.3434413],[119.3939939,32.3434375],[119.3939241,32.3434383],[119.3938337,32.343463],[119.3937795,32.3434875],[119.3937027,32.3435371],[119.3935896,32.3435306],[119.3933769,32.3447992]]]}},{"type":"Feature","id":"way/1032897437","properties":{"highway":"footway","source":"OpenStreetMap","osm_id":"way/1032897437","kind":"road"},"geometry":{"type":"LineString","coordinates":[[119.3946517,32.3435771],[119.3948612,32.3436001]]}},{"type":"Feature","id":"way/1032897438","properties":{"highway":"footway","source":"OpenStreetMap","osm_id":"way/1032897438","kind":"road"},"geometry":{"type":"LineString","coordinates":[[119.3946023,32.3450595],[119.3943927,32.3450342]]}},{"type":"Feature","id":"way/1032897439","properties":{"highway":"footway","source":"OpenStreetMap","osm_id":"way/1032897439","kind":"road"},"geometry":{"type":"LineString","coordinates":[[119.3933359,32.345243],[119.3933419,32.3452088],[119.3933707,32.3450454]]}},{"type":"Feature","id":"way/1032897442","properties":{"building":"apartments","name":"教师公寓7号楼","source":"OpenStreetMap","osm_id":"way/1032897442","kind":"building"},"geometry":{"type":"Polygon","coordinates":[[[119.3937773,32.3486553],[119.3937591,32.3487587],[119.3932151,32.3486901],[119.3932333,32.3485869],[119.3937773,32.3486553]]]}},{"type":"Feature","id":"way/1032897443","properties":{"building":"apartments","name":"教师公寓5号楼","source":"OpenStreetMap","osm_id":"way/1032897443","kind":"building"},"geometry":{"type":"Polygon","coordinates":[[[119.3938392,32.3483167],[119.393821,32.34842],[119.393277,32.3483515],[119.3932952,32.3482482],[119.3938392,32.3483167]]]}},{"type":"Feature","id":"way/1032897444","properties":{"building":"apartments","name":"教师公寓3号楼","source":"OpenStreetMap","osm_id":"way/1032897444","kind":"building"},"geometry":{"type":"Polygon","coordinates":[[[119.3938915,32.3479885],[119.3938733,32.3480918],[119.3933293,32.3480233],[119.3933475,32.34792],[119.3938915,32.3479885]]]}},{"type":"Feature","id":"way/1032897445","properties":{"building":"apartments","name":"教师公寓1号楼","source":"OpenStreetMap","osm_id":"way/1032897445","kind":"building"},"geometry":{"type":"Polygon","coordinates":[[[119.3939502,32.3476688],[119.393932,32.3477722],[119.393388,32.3477036],[119.3934062,32.3476004],[119.3939502,32.3476688]]]}},{"type":"Feature","id":"way/1032897446","properties":{"building":"apartments","name":"教师公寓8号楼","source":"OpenStreetMap","osm_id":"way/1032897446","kind":"building"},"geometry":{"type":"Polygon","coordinates":[[[119.3930828,32.3485638],[119.3930658,32.3486619],[119.3924022,32.3485795],[119.3924193,32.3484815],[119.3930828,32.3485638]]]}},{"type":"Feature","id":"way/1032897447","properties":{"building":"apartments","name":"教师公寓6号楼","source":"OpenStreetMap","osm_id":"way/1032897447","kind":"building"},"geometry":{"type":"Polygon","coordinates":[[[119.3931534,32.3482369],[119.3931363,32.348335],[119.3924728,32.3482525],[119.3924898,32.3481545],[119.3931534,32.3482369]]]}},{"type":"Feature","id":"way/1032897448","properties":{"building":"apartments","name":"教师公寓4号楼","source":"OpenStreetMap","osm_id":"way/1032897448","kind":"building"},"geometry":{"type":"Polygon","coordinates":[[[119.3932234,32.347904],[119.3932063,32.3480021],[119.3925428,32.3479197],[119.3925598,32.3478217],[119.3932234,32.347904]]]}},{"type":"Feature","id":"way/1032897449","properties":{"building":"apartments","name":"教师公寓2号楼","source":"OpenStreetMap","osm_id":"way/1032897449","kind":"building"},"geometry":{"type":"Polygon","coordinates":[[[119.3932682,32.3475872],[119.3932512,32.3476853],[119.3925876,32.3476029],[119.3926047,32.3475049],[119.3932682,32.3475872]]]}},{"type":"Feature","id":"way/1032897451","properties":{"building":"yes","amenity":"restaurant","name":"津园","source":"OpenStreetMap","osm_id":"way/1032897451","kind":"building"},"geometry":{"type":"Polygon","coordinates":[[[119.3953811,32.345769],[119.3955875,32.3457963],[119.3955826,32.3458223],[119.3961224,32.3458935],[119.3961145,32.3459364],[119.3961894,32.3459463],[119.3961105,32.3463726],[119.3960417,32.3463635],[119.396014,32.3465134],[119.3952617,32.346414],[119.3953811,32.345769]]]}},{"type":"Feature","id":"way/1032897452","properties":{"building":"dormitory","source":"OpenStreetMap","osm_id":"way/1032897452","kind":"building"},"geometry":{"type":"Polygon","coordinates":[[[119.3975067,32.3476389],[119.3980942,32.3477167],[119.398057,32.347917],[119.3971921,32.3478024],[119.3972293,32.3476022],[119.3972659,32.3474041],[119.3973041,32.3472],[119.3981406,32.3473116],[119.3981024,32.3475158],[119.3975435,32.3474412],[119.3975067,32.3476389]]]}},{"type":"Feature","id":"way/1032897453","properties":{"building":"dormitory","source":"OpenStreetMap","osm_id":"way/1032897453","kind":"building"},"geometry":{"type":"Polygon","coordinates":[[[119.3976522,32.3468191],[119.398238,32.3468918],[119.3982037,32.347089],[119.3973376,32.3469813],[119.3973719,32.3467843],[119.3974105,32.3465819],[119.3974472,32.3463773],[119.3982845,32.3464845],[119.3982478,32.3466892],[119.3976883,32.3466174],[119.3976522,32.3468191]]]}},{"type":"Feature","id":"way/1032897454","properties":{"building":"dormitory","source":"OpenStreetMap","osm_id":"way/1032897454","kind":"building"},"geometry":{"type":"Polygon","coordinates":[[[119.3967455,32.3475424],[119.3961571,32.3474694],[119.3961222,32.3476702],[119.3969881,32.3477777],[119.3970235,32.3475748],[119.3970575,32.3473792],[119.397093,32.3471748],[119.3962552,32.3470706],[119.3962195,32.347276],[119.3967798,32.3473456],[119.3967455,32.3475424]]]}},{"type":"Feature","id":"way/1032897455","properties":{"building":"dormitory","source":"OpenStreetMap","osm_id":"way/1032897455","kind":"building"},"geometry":{"type":"Polygon","coordinates":[[[119.3968807,32.3467156],[119.396294,32.346638],[119.3962571,32.3468372],[119.3971219,32.3469516],[119.3971588,32.3467525],[119.3971948,32.3465535],[119.3972323,32.3463487],[119.3963953,32.3462392],[119.3963577,32.3464441],[119.3969173,32.3465172],[119.3968807,32.3467156]]]}},{"type":"Feature","id":"way/1032897456","properties":{"highway":"footway","source":"OpenStreetMap","osm_id":"way/1032897456","kind":"road"},"geometry":{"type":"LineString","coordinates":[[119.3974438,32.3458103],[119.3974375,32.3458438],[119.3974305,32.3458844],[119.397363,32.3462787],[119.3973517,32.3463448],[119.397219,32.3471195],[119.3970889,32.3478791]]}},{"type":"Feature","id":"way/1032897457","properties":{"highway":"footway","source":"OpenStreetMap","osm_id":"way/1032897457","kind":"road"},"geometry":{"type":"LineString","coordinates":[[119.391386,32.3455679],[119.3913784,32.3456122],[119.3912662,32.3462926],[119.3912405,32.3464487],[119.3911275,32.3471338]]}},{"type":"Feature","id":"way/1032897458","properties":{"building":"university","name":"学行楼","source":"OpenStreetMap","osm_id":"way/1032897458","kind":"building"},"geometry":{"type":"Polygon","coordinates":[[[119.3958483,32.3426646],[119.3965729,32.3427581],[119.3966278,32.3424548],[119.395895,32.3423603],[119.3959096,32.3422793],[119.3959492,32.3422844],[119.3959716,32.3421602],[119.3969516,32.3422861],[119.396914,32.3424949],[119.3967687,32.3424763],[119.3967169,32.3427638],[119.3968581,32.342782],[119.3968416,32.342874],[119.3968015,32.3428688],[119.3967816,32.3429794],[119.3958458,32.3428592],[119.3958589,32.3427865],[119.395827,32.3427824],[119.3958483,32.3426646]]]}},{"type":"Feature","id":"way/1032897459","properties":{"building":"university","name":"知行楼","source":"OpenStreetMap","osm_id":"way/1032897459","kind":"building"},"geometry":{"type":"Polygon","coordinates":[[[119.3983395,32.3429761],[119.398956,32.3430566],[119.3989219,32.3432431],[119.3987483,32.3432204],[119.3987523,32.3431986],[119.398659,32.3431864],[119.3986536,32.3432155],[119.3979168,32.3431186],[119.3979546,32.3429135],[119.3980813,32.3429302],[119.3981282,32.3426756],[119.3980081,32.3426605],[119.398033,32.3425194],[119.3980839,32.3425259],[119.3980994,32.3424384],[119.3990734,32.3425615],[119.399033,32.3427898],[119.3983885,32.3427085],[119.3983425,32.3429598],[119.3983395,32.3429761]]]}},{"type":"Feature","id":"way/1032897460","properties":{"building":"university","name":"南门传达室","source":"OpenStreetMap","osm_id":"way/1032897460","kind":"building"},"geometry":{"type":"Polygon","coordinates":[[[119.3981537,32.3413292],[119.3979946,32.3413086],[119.3979911,32.3413284],[119.3979851,32.3413612],[119.3981441,32.3413818],[119.3981537,32.3413292]]]}},{"type":"Feature","id":"way/1032897461","properties":{"building":"university","source":"OpenStreetMap","osm_id":"way/1032897461","kind":"building"},"geometry":{"type":"Polygon","coordinates":[[[119.3972899,32.3412195],[119.397462,32.3412425],[119.3974591,32.3412581],[119.3974525,32.3412933],[119.3972803,32.3412703],[119.3972899,32.3412195]]]}},{"type":"Feature","id":"way/1032897462","properties":{"building":"university","name":"力行楼","source":"OpenStreetMap","osm_id":"way/1032897462","kind":"building"},"geometry":{"type":"Polygon","coordinates":[[[119.3995218,32.3441656],[119.399621,32.3441786],[119.400147,32.3442477],[119.4001092,32.3444532],[119.4001045,32.344479],[119.3999286,32.3444559],[119.3999217,32.3444934],[119.399088,32.3443838],[119.3991595,32.3439962],[119.399101,32.3439886],[119.3991403,32.3437752],[119.3992335,32.3437874],[119.3992372,32.3437674],[119.3996884,32.3438266],[119.3996752,32.3438983],[119.3996511,32.3440292],[119.3996327,32.3441292],[119.3995309,32.3441158],[119.3995218,32.3441656]]]}},{"type":"Feature","id":"way/1032897463","properties":{"building":"university","source":"OpenStreetMap","osm_id":"way/1032897463","kind":"building"},"geometry":{"type":"Polygon","coordinates":[[[119.3992799,32.3434842],[119.3996164,32.343523],[119.3996887,32.3435314],[119.4002551,32.3435968],[119.4002261,32.3437763],[119.399706,32.3437162],[119.3992508,32.3436636],[119.3992525,32.343653],[119.3992799,32.3434842]]]}},{"type":"Feature","id":"way/1032897464","properties":{"building":"university","name":"笃行楼","layer":"1","source":"OpenStreetMap","osm_id":"way/1032897464","kind":"building"},"geometry":{"type":"Polygon","coordinates":[[[119.3988206,32.3448023],[119.3999185,32.3449454],[119.3999007,32.3450429],[119.3998802,32.345155],[119.3998413,32.3453682],[119.3998319,32.3454198],[119.3997771,32.3457197],[119.3997023,32.3457099],[119.3996645,32.3457774],[119.3996194,32.3458379],[119.3995392,32.3458978],[119.3994627,32.3459018],[119.3986136,32.3457817],[119.3986662,32.3454752],[119.3994404,32.3455764],[119.3994778,32.3453721],[119.3994872,32.3453213],[119.3995069,32.3452131],[119.3987632,32.345116],[119.3988206,32.3448023]]]}},{"type":"Feature","id":"way/1032897465","properties":{"highway":"service","covered":"yes","source":"OpenStreetMap","osm_id":"way/1032897465","kind":"road"},"geometry":{"type":"LineString","coordinates":[[119.3994557,32.345342],[119.3996581,32.3453671],[119.3998498,32.3453909]]}},{"type":"Feature","id":"way/1032897466","properties":{"highway":"service","source":"OpenStreetMap","osm_id":"way/1032897466","kind":"road"},"geometry":{"type":"LineString","coordinates":[[119.3998498,32.3453909],[119.4001433,32.3454273]]}},{"type":"Feature","id":"way/1032897468","properties":{"landuse":"grass","source":"OpenStreetMap","osm_id":"way/1032897468","kind":"green"},"geometry":{"type":"Polygon","coordinates":[[[119.3983263,32.3472357],[119.399795,32.3474273],[119.3998273,32.3474136],[119.3998473,32.3473872],[119.3999262,32.3469138],[119.3999206,32.346847],[119.3998695,32.346721],[119.3998183,32.3466073],[119.3997991,32.3465275],[119.399789,32.346396],[119.3997878,32.346302],[119.3997747,32.346277],[119.399743,32.3462367],[119.3997035,32.3462191],[119.3986408,32.3460689],[119.398599,32.346073],[119.3985573,32.3460908],[119.3985367,32.3461249],[119.39833,32.3472163],[119.3983263,32.3472357]]]}},{"type":"Feature","id":"way/1032897470","properties":{"highway":"path","source":"OpenStreetMap","osm_id":"way/1032897470","kind":"road"},"geometry":{"type":"LineString","coordinates":[[119.3984041,32.3466168],[119.3985401,32.3466266],[119.3986016,32.3466384],[119.3986497,32.3466504],[119.3986951,32.3466512],[119.3987505,32.3466418],[119.3988107,32.3466216],[119.3988476,32.3465982],[119.3988865,32.3465683],[119.3989228,32.3465299],[119.3989622,32.3464769],[119.3989891,32.3464464],[119.399035,32.346414],[119.3991103,32.3463973],[119.3991356,32.3463947],[119.3991972,32.3463884],[119.3992791,32.346389],[119.3993201,32.3463941],[119.3993498,32.3464066],[119.3993957,32.3464338],[119.3994378,32.3464525],[119.3994784,32.3464535],[119.399512,32.3464426],[119.3995269,32.3464292],[119.3995804,32.3463854],[119.3996087,32.3463721],[119.3996501,32.346365],[119.3996856,32.3463641],[119.399749,32.3463676],[119.399831,32.3463711]]}},{"type":"Feature","id":"way/1032897471","properties":{"highway":"path","source":"OpenStreetMap","osm_id":"way/1032897471","kind":"road"},"geometry":{"type":"LineString","coordinates":[[119.3991356,32.3463947],[119.3991614,32.3463539],[119.3991808,32.3463217],[119.3991972,32.3462806],[119.3992144,32.3462282],[119.3992419,32.3461157],[119.3992508,32.3460791]]}},{"type":"Feature","id":"way/1032897472","properties":{"landuse":"grass","source":"OpenStreetMap","osm_id":"way/1032897472","kind":"green"},"geometry":{"type":"Polygon","coordinates":[[[119.3974832,32.3462966],[119.3983748,32.3464131],[119.3984079,32.3462135],[119.3984131,32.3461579],[119.3984093,32.346117],[119.3983908,32.3460768],[119.3983683,32.3460544],[119.3983238,32.3460409],[119.3975471,32.3459425],[119.3974832,32.3462966]]]}},{"type":"Feature","id":"way/1032897474","properties":{"highway":"footway","source":"OpenStreetMap","osm_id":"way/1032897474","kind":"road"},"geometry":{"type":"LineString","coordinates":[[119.3967676,32.3450581],[119.3964614,32.3450195]]}},{"type":"Feature","id":"way/1032897475","properties":{"leisure":"garden","source":"OpenStreetMap","osm_id":"way/1032897475","kind":"green"},"geometry":{"type":"Polygon","coordinates":[[[119.39681,32.3453743],[119.3968322,32.345365],[119.3968838,32.3453554],[119.3968987,32.3453669],[119.3971383,32.3456573],[119.3971462,32.3456867],[119.3971339,32.3457136],[119.3970875,32.3457304],[119.3970413,32.345733],[119.3968439,32.3457124],[119.3967601,32.3456911],[119.3967194,32.34566],[119.396717,32.3456355],[119.3967324,32.3455993],[119.39681,32.3453743]]]}},{"type":"Feature","id":"way/1032897476","properties":{"leisure":"garden","source":"OpenStreetMap","osm_id":"way/1032897476","kind":"green"},"geometry":{"type":"Polygon","coordinates":[[[119.3968666,32.3452392],[119.397107,32.3455268],[119.3971438,32.3455395],[119.3971658,32.345527],[119.3972863,32.3448983],[119.3972691,32.344879],[119.3971826,32.3448118],[119.3969537,32.3449424],[119.3969435,32.3449582],[119.3968615,32.3452138],[119.3968666,32.3452392]]]}},{"type":"Feature","id":"way/1032897477","properties":{"leisure":"garden","source":"OpenStreetMap","osm_id":"way/1032897477","kind":"green"},"geometry":{"type":"Polygon","coordinates":[[[119.3970917,32.344799],[119.3971015,32.3446905],[119.3971836,32.3447425],[119.3970917,32.344799]]]}},{"type":"Feature","id":"way/1032897478","properties":{"leisure":"garden","source":"OpenStreetMap","osm_id":"way/1032897478","kind":"green"},"geometry":{"type":"Polygon","coordinates":[[[119.3969294,32.3447939],[119.3970103,32.3447134],[119.3969182,32.3446981],[119.3969294,32.3447939]]]}},{"type":"Feature","id":"way/1032897479","properties":{"leisure":"garden","source":"OpenStreetMap","osm_id":"way/1032897479","kind":"green"},"geometry":{"type":"Polygon","coordinates":[[[119.3967976,32.3450195],[119.3969115,32.3449502],[119.3968406,32.3448168],[119.3967976,32.3450195]]]}},{"type":"Feature","id":"way/1032897481","properties":{"landuse":"grass","source":"OpenStreetMap","osm_id":"way/1032897481","kind":"green"},"geometry":{"type":"Polygon","coordinates":[[[119.3966069,32.3456887],[119.3966263,32.3456711],[119.3966329,32.3456562],[119.3967223,32.3451255],[119.3967173,32.3451122],[119.396705,32.3451031],[119.3964937,32.3450696],[119.3964867,32.3450859],[119.3964631,32.3452218],[119.3964034,32.3452176],[119.3963248,32.34564],[119.3963366,32.3456519],[119.3966069,32.3456887]]]}},{"type":"Feature","id":"way/1032897482","properties":{"landuse":"grass","source":"OpenStreetMap","osm_id":"way/1032897482","kind":"green"},"geometry":{"type":"Polygon","coordinates":[[[119.3966348,32.3447915],[119.3966471,32.3448054],[119.3966751,32.3448162],[119.3967285,32.3448222],[119.3967593,32.3448306],[119.3967738,32.3448429],[119.3967772,32.3448602],[119.3967512,32.3449776],[119.3967354,32.3449899],[119.3967056,32.3449922],[119.3965086,32.3449658],[119.3965362,32.3448049],[119.3964667,32.3447916],[119.3965466,32.3443414],[119.3976104,32.3444746],[119.3975387,32.3445269],[119.3974778,32.3445648],[119.3974227,32.3445744],[119.3969451,32.344513],[119.3969079,32.3445241],[119.3968651,32.344542],[119.3968364,32.3445933],[119.3968099,32.344737],[119.3967933,32.3447562],[119.3967604,32.3447585],[119.3967288,32.3447442],[119.3967235,32.3447182],[119.3966439,32.344711],[119.3966348,32.3447915]]]}},{"type":"Feature","id":"way/1032897483","properties":{"landuse":"grass","source":"OpenStreetMap","osm_id":"way/1032897483","kind":"green"},"geometry":{"type":"Polygon","coordinates":[[[119.3948902,32.3440942],[119.3950432,32.3433141],[119.3965776,32.3438552],[119.3964998,32.3442936],[119.3948902,32.3440942]]]}},{"type":"Feature","id":"way/1032897484","properties":{"highway":"footway","source":"OpenStreetMap","osm_id":"way/1032897484","kind":"road"},"geometry":{"type":"LineString","coordinates":[[119.3953455,32.3427508],[119.3958214,32.3428096]]}},{"type":"Feature","id":"way/1032897486","properties":{"landuse":"grass","source":"OpenStreetMap","osm_id":"way/1032897486","kind":"green"},"geometry":{"type":"Polygon","coordinates":[[[119.3972116,32.3429207],[119.3973049,32.3430931],[119.3974149,32.3431474],[119.3975623,32.3430892],[119.3976103,32.3427686],[119.3972435,32.3427283],[119.3972116,32.3429207]]]}},{"type":"Feature","id":"way/1032897487","properties":{"landuse":"grass","source":"OpenStreetMap","osm_id":"way/1032897487","kind":"green"},"geometry":{"type":"Polygon","coordinates":[[[119.3972604,32.3431799],[119.3972977,32.3431263],[119.3971957,32.3430132],[119.3971745,32.3431506],[119.3971908,32.3431715],[119.3972604,32.3431799]]]}},{"type":"Feature","id":"way/1032897488","properties":{"landuse":"grass","source":"OpenStreetMap","osm_id":"way/1032897488","kind":"green"},"geometry":{"type":"Polygon","coordinates":[[[119.3972584,32.3426635],[119.3976214,32.3427096],[119.3976974,32.3422823],[119.3973345,32.3422362],[119.3972584,32.3426635]]]}},{"type":"Feature","id":"way/1032897489","properties":{"landuse":"grass","source":"OpenStreetMap","osm_id":"way/1032897489","kind":"green"},"geometry":{"type":"Polygon","coordinates":[[[119.3974797,32.3421441],[119.3976199,32.3421626],[119.3976366,32.3421574],[119.397642,32.3421412],[119.3977424,32.3416518],[119.3977399,32.341632],[119.3977231,32.3416241],[119.3975788,32.3416085],[119.3975667,32.3416171],[119.3975561,32.341631],[119.3974641,32.3421135],[119.3974637,32.342129],[119.3974797,32.3421441]]]}},{"type":"Feature","id":"way/1032897490","properties":{"highway":"footway","source":"OpenStreetMap","osm_id":"way/1032897490","kind":"road"},"geometry":{"type":"LineString","coordinates":[[119.3980579,32.3422572],[119.3981381,32.3418173],[119.3979231,32.3417886]]}},{"type":"Feature","id":"way/1032897491","properties":{"highway":"footway","source":"OpenStreetMap","osm_id":"way/1032897491","kind":"road"},"geometry":{"type":"LineString","coordinates":[[119.3978381,32.3422276],[119.3979231,32.3417886],[119.3979329,32.3417378],[119.3978165,32.3417213]]}},{"type":"Feature","id":"way/1032897492","properties":{"building":"yes","name":"南配电房","substation":"minor_distribution","power":"substation","source":"OpenStreetMap","osm_id":"way/1032897492","kind":"building"},"geometry":{"type":"Polygon","coordinates":[[[119.3944318,32.3413986],[119.3943981,32.3415709],[119.3945428,32.3415911],[119.3945284,32.3416646],[119.3943693,32.3416423],[119.3943628,32.3416755],[119.3941689,32.3416485],[119.3941902,32.3415392],[119.3943119,32.3415562],[119.394345,32.3413865],[119.3944318,32.3413986]]]}},{"type":"Feature","id":"way/1032897494","properties":{"highway":"footway","source":"OpenStreetMap","osm_id":"way/1032897494","kind":"road"},"geometry":{"type":"LineString","coordinates":[[119.3934455,32.3425556],[119.39308,32.3424231]]}},{"type":"Feature","id":"way/1032897495","properties":{"highway":"footway","covered":"yes","source":"OpenStreetMap","osm_id":"way/1032897495","kind":"road"},"geometry":{"type":"LineString","coordinates":[[119.39308,32.3424231],[119.3928115,32.3423253],[119.3921657,32.3420962]]}},{"type":"Feature","id":"way/1032897496","properties":{"building":"yes","name":"扬州大学扬子津校区南门","source":"OpenStreetMap","osm_id":"way/1032897496","kind":"building"},"geometry":{"type":"Polygon","coordinates":[[[119.3978119,32.3413404],[119.3978179,32.3413064],[119.3978228,32.3412781],[119.3976321,32.3412544],[119.3976277,32.3412799],[119.3976213,32.3413167],[119.3978119,32.3413404]]]}},{"type":"Feature","id":"way/1032897501","properties":{"building":"yes","name":"南2门传达室","source":"OpenStreetMap","osm_id":"way/1032897501","kind":"building"},"geometry":{"type":"Polygon","coordinates":[[[119.3923215,32.3405751],[119.3923321,32.340603],[119.3923502,32.340632],[119.3923704,32.3406482],[119.392399,32.3406592],[119.3924185,32.340663],[119.3924293,32.3405892],[119.3924212,32.3405876],[119.3923215,32.3405751]]]}},{"type":"Feature","id":"way/1032897502","properties":{"building":"yes","source":"OpenStreetMap","osm_id":"way/1032897502","kind":"building"},"geometry":{"type":"Polygon","coordinates":[[[119.3926716,32.3406171],[119.3926594,32.3406887],[119.3926912,32.3406884],[119.3927105,32.3406846],[119.39273,32.3406774],[119.3927417,32.3406687],[119.392754,32.3406517],[119.3927637,32.3406269],[119.3926716,32.3406171]]]}},{"type":"Feature","id":"way/1032897505","properties":{"natural":"scrub","source":"OpenStreetMap","osm_id":"way/1032897505","kind":"green"},"geometry":{"type":"Polygon","coordinates":[[[119.3994659,32.3482233],[119.3997065,32.3482526],[119.3995584,32.3492292],[119.3977931,32.3489792],[119.3977757,32.3490081],[119.3977172,32.349008],[119.3965166,32.3488265],[119.396671,32.3479958],[119.3994111,32.3483441],[119.3994669,32.3483183],[119.3994951,32.3482346],[119.3994659,32.3482233]]]}},{"type":"Feature","id":"way/1032897506","properties":{"water":"pond","natural":"water","source":"OpenStreetMap","osm_id":"way/1032897506","kind":"water"},"geometry":{"type":"Polygon","coordinates":[[[119.3960715,32.3495363],[119.3960424,32.3495231],[119.3960197,32.3495089],[119.3960071,32.3494833],[119.3960007,32.3494545],[119.396003,32.3494327],[119.3960202,32.3494068],[119.3960431,32.3493952],[119.3960872,32.3493952],[119.3961515,32.349401],[119.3961999,32.3494068],[119.3962258,32.3494139],[119.3962542,32.3494325],[119.3962836,32.3494502],[119.3963011,32.3494637],[119.396307,32.3494753],[119.396307,32.3495012],[119.3963024,32.3495137],[119.396288,32.3495243],[119.3962652,32.349533],[119.396242,32.3495347],[119.3962041,32.3495393],[119.3961612,32.3495455],[119.3961474,32.3495554],[119.3961333,32.3495603],[119.3961151,32.3495631],[119.3960934,32.3495663],[119.3960724,32.3495621],[119.3960715,32.3495363]]]}},{"type":"Feature","id":"way/1032897507","properties":{"waterway":"drain","source":"OpenStreetMap","osm_id":"way/1032897507","kind":"waterway"},"geometry":{"type":"LineString","coordinates":[[119.3960724,32.3495621],[119.3960653,32.3495935]]}},{"type":"Feature","id":"way/1032897508","properties":{"building":"university","name":"农水水文水生态试验场","source":"OpenStreetMap","osm_id":"way/1032897508","kind":"building"},"geometry":{"type":"Polygon","coordinates":[[[119.396385,32.3494389],[119.3964332,32.3494444],[119.3964266,32.3494849],[119.396589,32.3495038],[119.39658,32.3495594],[119.3963438,32.349532],[119.3963528,32.3494764],[119.3963784,32.3494794],[119.396385,32.3494389]]]}},{"type":"Feature","id":"way/1032897509","properties":{"building":"yes","source":"OpenStreetMap","osm_id":"way/1032897509","kind":"building"},"geometry":{"type":"Polygon","coordinates":[[[119.3993752,32.3499911],[119.3994259,32.3496853],[119.3992808,32.3496681],[119.3992301,32.3499739],[119.3993752,32.3499911]]]}},{"type":"Feature","id":"way/1032897517","properties":{"waterway":"ditch","source":"OpenStreetMap","osm_id":"way/1032897517","kind":"waterway"},"geometry":{"type":"LineString","coordinates":[[119.3965672,32.3496153],[119.3972076,32.3497145],[119.3972813,32.3497266],[119.3973469,32.3497266],[119.3974249,32.3496931],[119.3974809,32.349657],[119.3975465,32.349635],[119.3976261,32.3496287],[119.3976724,32.3496343],[119.3977588,32.3496527],[119.3978578,32.3496875],[119.3980234,32.3497893],[119.3980751,32.3498171],[119.3981311,32.34983],[119.3991729,32.3499628]]}},{"type":"Feature","id":"way/1032897521","properties":{"highway":"track","tracktype":"grade1","surface":"concrete","source":"OpenStreetMap","osm_id":"way/1032897521","kind":"road"},"geometry":{"type":"LineString","coordinates":[[119.3921203,32.3488354],[119.3940274,32.3490726]]}},{"type":"Feature","id":"way/1032897522","properties":{"highway":"track","tracktype":"grade1","surface":"concrete","source":"OpenStreetMap","osm_id":"way/1032897522","kind":"road"},"geometry":{"type":"LineString","coordinates":[[119.3938666,32.3488885],[119.3939243,32.3489082],[119.3940551,32.3489265],[119.3940274,32.3490726],[119.3940115,32.3491668],[119.3942622,32.3491998]]}},{"type":"Feature","id":"way/1032897523","properties":{"natural":"scrub","source":"OpenStreetMap","osm_id":"way/1032897523","kind":"green"},"geometry":{"type":"Polygon","coordinates":[[[119.395118,32.3486411],[119.3940466,32.3484888],[119.3941917,32.3476467],[119.394227,32.347602],[119.3943179,32.3475709],[119.3952957,32.3477025],[119.3952858,32.3477373],[119.395118,32.3486411]]]}},{"type":"Feature","id":"way/1032897525","properties":{"building":"hut","source":"OpenStreetMap","osm_id":"way/1032897525","kind":"building"},"geometry":{"type":"Polygon","coordinates":[[[119.3951238,32.3469215],[119.3950617,32.347323],[119.3952117,32.3473396],[119.3951996,32.3474177],[119.3949749,32.347393],[119.395049,32.3469132],[119.3951238,32.3469215]]]}},{"type":"Feature","id":"way/1032897526","properties":{"building":"yes","name":"东门传达室","source":"OpenStreetMap","osm_id":"way/1032897526","kind":"building"},"geometry":{"type":"Polygon","coordinates":[[[119.4001334,32.3462285],[119.4001209,32.3463276],[119.4000007,32.3463168],[119.4000052,32.3462809],[119.4000425,32.3462843],[119.4000505,32.3462211],[119.4001334,32.3462285]]]}},{"type":"Feature","id":"way/1032897527","properties":{"building":"university","name":"向学楼","alt_name":"西校区1号楼","layer":"2","source":"OpenStreetMap","osm_id":"way/1032897527","kind":"building"},"geometry":{"type":"Polygon","coordinates":[[[119.3926475,32.3421422],[119.3926818,32.3421565],[119.392792,32.3422028],[119.3928122,32.3422198],[119.3928265,32.3422374],[119.3928467,32.3422761],[119.3928561,32.3423087],[119.3928605,32.3423295],[119.3928623,32.3423532],[119.3928568,32.3423822],[119.3927865,32.342529],[119.3929678,32.3425916],[119.3930151,32.3424947],[119.3930407,32.3425028],[119.39308,32.3424231],[119.3931085,32.3423653],[119.3932126,32.3421513],[119.3931865,32.3421403],[119.3932215,32.342078],[119.3930206,32.3420002],[119.392979,32.3419841],[119.39292,32.3419611],[119.3927738,32.3419045],[119.3926475,32.3421422]]]}},{"type":"Feature","id":"way/1032897528","properties":{"building":"yes","source":"OpenStreetMap","osm_id":"way/1032897528","kind":"building"},"geometry":{"type":"Polygon","coordinates":[[[119.3887495,32.3448036],[119.3888478,32.3448144],[119.3888338,32.3449048],[119.3887356,32.3448939],[119.3887495,32.3448036]]]}},{"type":"Feature","id":"way/1032897529","properties":{"highway":"footway","source":"OpenStreetMap","osm_id":"way/1032897529","kind":"road"},"geometry":{"type":"LineString","coordinates":[[119.3911193,32.344465],[119.3911247,32.3444164],[119.3911443,32.3442401],[119.3911532,32.3441995]]}},{"type":"Feature","id":"way/1032897530","properties":{"highway":"footway","covered":"yes","source":"OpenStreetMap","osm_id":"way/1032897530","kind":"road"},"geometry":{"type":"LineString","coordinates":[[119.3911532,32.3441995],[119.3911672,32.3441727],[119.3911932,32.344146],[119.3912214,32.3441266],[119.3912466,32.3441064],[119.391276,32.3440868],[119.3912918,32.3440682],[119.3913163,32.3440387],[119.3913287,32.3440117],[119.3913367,32.3439551]]}},{"type":"Feature","id":"way/1032897531","properties":{"highway":"footway","covered":"yes","source":"OpenStreetMap","osm_id":"way/1032897531","kind":"road"},"geometry":{"type":"LineString","coordinates":[[119.3919483,32.3437633],[119.3919751,32.343585]]}},{"type":"Feature","id":"way/1032897532","properties":{"building":"dormitory","name":"驿苑5号楼","alt_name":"西校区21号楼","layer":"1","building:levels":"6","source":"OpenStreetMap","osm_id":"way/1032897532","kind":"building"},"geometry":{"type":"Polygon","coordinates":[[[119.3922425,32.3459764],[119.3922766,32.3457768],[119.391489,32.3456807],[119.3914549,32.3458801],[119.3916095,32.345899],[119.3922425,32.3459764]]]}},{"type":"Feature","id":"way/1032897533","properties":{"building":"dormitory","name":"驿苑7号楼","alt_name":"西校区23号楼","layer":"1","building:levels":"6","source":"OpenStreetMap","osm_id":"way/1032897533","kind":"building"},"geometry":{"type":"Polygon","coordinates":[[[119.3915749,32.3461042],[119.3922082,32.3461803],[119.3921764,32.346369],[119.3913895,32.3462745],[119.3914212,32.3460858],[119.3915749,32.3461042]]]}},{"type":"Feature","id":"way/1032897534","properties":{"building":"dormitory","name":"驿苑9号楼","alt_name":"西校区25号楼","layer":"1","building:levels":"6","source":"OpenStreetMap","osm_id":"way/1032897534","kind":"building"},"geometry":{"type":"Polygon","coordinates":[[[119.3921,32.3467779],[119.3921341,32.3465778],[119.3913464,32.3464821],[119.3913123,32.346682],[119.3914666,32.3467008],[119.3921,32.3467779]]]}},{"type":"Feature","id":"way/1032897535","properties":{"building":"dormitory","name":"驿苑11号楼","alt_name":"西校区27号楼","layer":"1","building:levels":"6","source":"OpenStreetMap","osm_id":"way/1032897535","kind":"building"},"geometry":{"type":"Polygon","coordinates":[[[119.3920335,32.3471699],[119.392065,32.3469818],[119.391432,32.3469062],[119.391278,32.3468878],[119.3912465,32.3470758],[119.3920335,32.3471699]]]}},{"type":"Feature","id":"way/1032897536","properties":{"building":"dormitory","name":"驿苑12号楼","alt_name":"西校区28号楼","layer":"1","building:levels":"6","source":"OpenStreetMap","osm_id":"way/1032897536","kind":"building"},"geometry":{"type":"Polygon","coordinates":[[[119.3902703,32.3467655],[119.3909035,32.3468418],[119.391057,32.3468599],[119.3910251,32.3470488],[119.3902385,32.3469542],[119.3902703,32.3467655]]]}},{"type":"Feature","id":"way/1032897537","properties":{"building":"dormitory","name":"驿苑10号楼","alt_name":"西校区26号楼","layer":"1","building:levels":"6","source":"OpenStreetMap","osm_id":"way/1032897537","kind":"building"},"geometry":{"type":"Polygon","coordinates":[[[119.3909377,32.3466389],[119.3910911,32.3466572],[119.3911251,32.3464559],[119.3903372,32.3463612],[119.3903032,32.3465626],[119.3909377,32.3466389]]]}},{"type":"Feature","id":"way/1032897538","properties":{"building":"dormitory","name":"驿苑8号楼","alt_name":"西校区24号楼","layer":"1","building:levels":"6","source":"OpenStreetMap","osm_id":"way/1032897538","kind":"building"},"geometry":{"type":"Polygon","coordinates":[[[119.3911623,32.3462488],[119.3903758,32.3461535],[119.3904077,32.3459658],[119.3910402,32.3460425],[119.3911942,32.3460612],[119.3911623,32.3462488]]]}},{"type":"Feature","id":"way/1032897539","properties":{"building":"dormitory","name":"驿苑6号楼","alt_name":"西校区22号楼","layer":"1","building:levels":"6","source":"OpenStreetMap","osm_id":"way/1032897539","kind":"building"},"geometry":{"type":"Polygon","coordinates":[[[119.3904401,32.3457622],[119.3910746,32.3458385],[119.3912288,32.3458541],[119.3912619,32.3456555],[119.390474,32.3455608],[119.3904401,32.3457622]]]}},{"type":"Feature","id":"way/1032897540","properties":{"building":"university","name":"西校区3号楼","layer":"-1","source":"OpenStreetMap","osm_id":"way/1032897540","kind":"building"},"geometry":{"type":"Polygon","coordinates":[[[119.3926818,32.3421565],[119.3926443,32.3422217],[119.3927352,32.342257],[119.3927597,32.342273],[119.3927733,32.342285],[119.39278,32.3422955],[119.3927847,32.3423078],[119.3927847,32.3423271],[119.3927777,32.3423489],[119.3926971,32.3424981],[119.3926635,32.3424865],[119.3926369,32.3424832],[119.3926063,32.3424823],[119.3925796,32.3424842],[119.3925606,32.3424818],[119.392545,32.3424769],[119.3925329,32.3424715],[119.3924952,32.3424458],[119.3924721,32.3424329],[119.3924458,32.3424193],[119.3924304,32.3424156],[119.3924156,32.342414],[119.3923768,32.3424146],[119.3923656,32.3424129],[119.392355,32.3424095],[119.3923119,32.3423837],[119.3921767,32.3422825],[119.3921654,32.3422735],[119.392153,32.3422646],[119.3921402,32.342259],[119.3921243,32.3422556],[119.3921072,32.3422532],[119.3920887,32.3422528],[119.3920671,32.3422544],[119.3920449,32.3422597],[119.3921926,32.3419839],[119.3922465,32.3420027],[119.3923842,32.3420544],[119.3924502,32.3420247],[119.392538,32.3420563],[119.3925558,32.3421093],[119.3926475,32.3421422],[119.3926818,32.3421565]]]}},{"type":"Feature","id":"way/1032897541","properties":{"highway":"service","name":"津南路","source":"OpenStreetMap","osm_id":"way/1032897541","kind":"road"},"geometry":{"type":"LineString","coordinates":[[119.3992608,32.3422394],[119.3991887,32.3422562],[119.3989801,32.3423181],[119.3988902,32.3423371],[119.3988284,32.3423423],[119.3987777,32.3423466],[119.3986893,32.342342],[119.398409,32.3423044],[119.3980579,32.3422572],[119.3979474,32.3422423],[119.3978381,32.3422276],[119.3977721,32.3422187],[119.3977197,32.3422117],[119.3973808,32.3421662],[119.3972928,32.3421543],[119.3972702,32.3421513],[119.3972264,32.3421334],[119.3971584,32.3421062],[119.3971384,32.342097],[119.397097,32.3420778],[119.3970421,32.3420635],[119.3966346,32.3420132],[119.3958006,32.3419103],[119.3953907,32.3418555],[119.3952486,32.3418616]]}},{"type":"Feature","id":"way/1032897542","properties":{"highway":"service","name":"津西路","source":"OpenStreetMap","osm_id":"way/1032897542","kind":"road"},"geometry":{"type":"LineString","coordinates":[[119.3955659,32.3421598],[119.3955277,32.3420409],[119.3954982,32.3419825],[119.3954637,32.3419389],[119.3954166,32.3419136],[119.3952486,32.3418616]]}},{"type":"Feature","id":"way/1032915132","properties":{"highway":"service","name":"津中路","source":"OpenStreetMap","osm_id":"way/1032915132","kind":"road"},"geometry":{"type":"LineString","coordinates":[[119.3887564,32.3438505],[119.3888017,32.3438499],[119.3889496,32.3438651],[119.3903436,32.344008],[119.3903698,32.3440202],[119.3904228,32.3441089],[119.3904569,32.3441562],[119.3904843,32.3441872],[119.3905177,32.3442187],[119.3905475,32.3442442],[119.390584,32.344268],[119.3906193,32.3442846],[119.3909452,32.3443946],[119.391022,32.3444211],[119.3911193,32.344465],[119.3911925,32.3445022],[119.3912546,32.3445388],[119.3913355,32.3446047],[119.3913931,32.3446569],[119.3914611,32.3447237],[119.3915552,32.3448114],[119.39158,32.3448323],[119.3917403,32.3449677],[119.3918899,32.34508],[119.3919447,32.3451105],[119.3919892,32.3451308],[119.392033,32.3451458],[119.3920889,32.345163],[119.3921542,32.345178],[119.3922031,32.3451863],[119.392264,32.3451951],[119.3926402,32.3452303],[119.3926852,32.3452331]]}},{"type":"Feature","id":"way/1032915133","properties":{"bridge":"yes","name":"追月桥","highway":"service","layer":"1","source":"OpenStreetMap","osm_id":"way/1032915133","kind":"road"},"geometry":{"type":"LineString","coordinates":[[119.3926852,32.3452331],[119.3928141,32.3452403]]}},{"type":"Feature","id":"way/1032915134","properties":{"highway":"service","source":"OpenStreetMap","osm_id":"way/1032915134","kind":"road"},"geometry":{"type":"LineString","coordinates":[[119.3933317,32.3431378],[119.3934158,32.3431429],[119.394036,32.3431562],[119.3948977,32.3432858]]}},{"type":"Feature","id":"way/1032915135","properties":{"bridge":"yes","name":"惜月桥","highway":"service","layer":"1","source":"OpenStreetMap","osm_id":"way/1032915135","kind":"road"},"geometry":{"type":"LineString","coordinates":[[119.3931831,32.3431296],[119.3933317,32.3431378]]}},{"type":"Feature","id":"way/1032915137","properties":{"highway":"service","name":"津南路","source":"OpenStreetMap","osm_id":"way/1032915137","kind":"road"},"geometry":{"type":"LineString","coordinates":[[119.3938582,32.3416965],[119.3938287,32.3416593],[119.393768,32.3415857],[119.3937242,32.3415461],[119.3936804,32.3415162],[119.3936323,32.3414862],[119.3927319,32.3411273]]}},{"type":"Feature","id":"way/1032915138","properties":{"bridge":"yes","name":"咏月桥","highway":"service","layer":"1","source":"OpenStreetMap","osm_id":"way/1032915138","kind":"road"},"geometry":{"type":"LineString","coordinates":[[119.3939068,32.3417693],[119.3938582,32.3416965]]}},{"type":"Feature","id":"way/1032915139","properties":{"bridge":"yes","name":"思月桥","highway":"service","layer":"1","source":"OpenStreetMap","osm_id":"way/1032915139","kind":"road"},"geometry":{"type":"LineString","coordinates":[[119.3984438,32.3458591],[119.3984548,32.3457985]]}},{"type":"Feature","id":"way/1032915140","properties":{"highway":"service","name":"淮左路","source":"OpenStreetMap","osm_id":"way/1032915140","kind":"road"},"geometry":{"type":"LineString","coordinates":[[119.3984242,32.3459716],[119.3984304,32.3459362],[119.3984438,32.3458591]]}},{"type":"Feature","id":"way/1032915141","properties":{"highway":"service","name":"津东路","source":"OpenStreetMap","osm_id":"way/1032915141","kind":"road"},"geometry":{"type":"LineString","coordinates":[[119.3995112,32.3496646],[119.3995791,32.3492484],[119.3997466,32.3482205],[119.3998693,32.3474619],[119.3999526,32.3469469],[119.3999577,32.3468695],[119.3999468,32.3468099],[119.3999109,32.3467053],[119.3998683,32.3465967],[119.3998421,32.3464931],[119.399831,32.3463711],[119.3998356,32.3461924],[119.3998365,32.3461553],[119.3998498,32.3461145],[119.3998757,32.3460347],[119.3999048,32.345971],[119.3999086,32.345964]]}},{"type":"Feature","id":"way/1032915142","properties":{"bridge":"yes","name":"近月桥","highway":"service","layer":"1","source":"OpenStreetMap","osm_id":"way/1032915142","kind":"road"},"geometry":{"type":"LineString","coordinates":[[119.3999086,32.345964],[119.3999677,32.3458767]]}},{"type":"Feature","id":"way/1032915144","properties":{"highway":"footway","source":"OpenStreetMap","osm_id":"way/1032915144","kind":"road"},"geometry":{"type":"LineString","coordinates":[[119.3973187,32.3451293],[119.397494,32.3451478]]}},{"type":"Feature","id":"way/1032915147","properties":{"building":"yes","source":"OpenStreetMap","osm_id":"way/1032915147","kind":"building"},"geometry":{"type":"Polygon","coordinates":[[[119.3914003,32.3430646],[119.3912961,32.3430194],[119.3913218,32.3429696],[119.3914362,32.3430126],[119.3914129,32.343036],[119.3914003,32.3430646]]]}},{"type":"Feature","id":"way/1032915148","properties":{"building":"dormitory","name":"沁园4号楼","layer":"1","source":"OpenStreetMap","osm_id":"way/1032915148","kind":"building"},"geometry":{"type":"Polygon","coordinates":[[[119.3961571,32.3474694],[119.3967455,32.3475424],[119.3970235,32.3475748],[119.3969881,32.3477777],[119.3961222,32.3476702],[119.3961571,32.3474694]]]}},{"type":"Feature","id":"way/1032915149","properties":{"building":"dormitory","name":"沁园3号楼","layer":"1","source":"OpenStreetMap","osm_id":"way/1032915149","kind":"building"},"geometry":{"type":"Polygon","coordinates":[[[119.3962195,32.347276],[119.3967798,32.3473456],[119.3970575,32.3473792],[119.397093,32.3471748],[119.3962552,32.3470706],[119.3962195,32.347276]]]}},{"type":"Feature","id":"way/1032915150","properties":{"building":"dormitory","name":"沁园2号楼","layer":"1","source":"OpenStreetMap","osm_id":"way/1032915150","kind":"building"},"geometry":{"type":"Polygon","coordinates":[[[119.3962571,32.3468372],[119.3971219,32.3469516],[119.3971588,32.3467525],[119.3968807,32.3467156],[119.396294,32.346638],[119.3962571,32.3468372]]]}},{"type":"Feature","id":"way/1032915151","properties":{"building":"dormitory","name":"沁园1号楼","layer":"1","source":"OpenStreetMap","osm_id":"way/1032915151","kind":"building"},"geometry":{"type":"Polygon","coordinates":[[[119.3963577,32.3464441],[119.3963953,32.3462392],[119.3972323,32.3463487],[119.3971948,32.3465535],[119.3969173,32.3465172],[119.3963577,32.3464441]]]}},{"type":"Feature","id":"way/1032915152","properties":{"building":"dormitory","name":"沁园8号楼","layer":"1","source":"OpenStreetMap","osm_id":"way/1032915152","kind":"building"},"geometry":{"type":"Polygon","coordinates":[[[119.3976883,32.3466174],[119.3982478,32.3466892],[119.3982845,32.3464845],[119.3974472,32.3463773],[119.3974105,32.3465819],[119.3976883,32.3466174]]]}},{"type":"Feature","id":"way/1032915153","properties":{"building":"dormitory","name":"沁园7号楼","layer":"1","source":"OpenStreetMap","osm_id":"way/1032915153","kind":"building"},"geometry":{"type":"Polygon","coordinates":[[[119.3973719,32.3467843],[119.3976522,32.3468191],[119.398238,32.3468918],[119.3982037,32.347089],[119.3973376,32.3469813],[119.3973719,32.3467843]]]}},{"type":"Feature","id":"way/1032915154","properties":{"building":"dormitory","name":"沁园6号楼","layer":"1","source":"OpenStreetMap","osm_id":"way/1032915154","kind":"building"},"geometry":{"type":"Polygon","coordinates":[[[119.3981024,32.3475158],[119.3981406,32.3473116],[119.3973041,32.3472],[119.3972659,32.3474041],[119.3975435,32.3474412],[119.3981024,32.3475158]]]}},{"type":"Feature","id":"way/1032915155","properties":{"building":"dormitory","name":"沁园5号楼","layer":"1","source":"OpenStreetMap","osm_id":"way/1032915155","kind":"building"},"geometry":{"type":"Polygon","coordinates":[[[119.3975067,32.3476389],[119.3980942,32.3477167],[119.398057,32.347917],[119.3971921,32.3478024],[119.3972293,32.3476022],[119.3975067,32.3476389]]]}},{"type":"Feature","id":"way/1032915156","properties":{"highway":"service","source":"OpenStreetMap","osm_id":"way/1032915156","kind":"road"},"geometry":{"type":"LineString","coordinates":[[119.3929072,32.3453745],[119.3929373,32.3453785],[119.3942238,32.3455513],[119.3949687,32.3456516],[119.3950044,32.3456739],[119.3950135,32.3457079],[119.3950102,32.3457491],[119.3949511,32.3460594],[119.3948644,32.346515],[119.3948617,32.3465292]]}},{"type":"Feature","id":"way/1032915157","properties":{"highway":"service","source":"OpenStreetMap","osm_id":"way/1032915157","kind":"road"},"geometry":{"type":"LineString","coordinates":[[119.3942238,32.3455513],[119.3942487,32.3453982],[119.3942555,32.3453567]]}},{"type":"Feature","id":"way/1032915158","properties":{"highway":"service","source":"OpenStreetMap","osm_id":"way/1032915158","kind":"road"},"geometry":{"type":"LineString","coordinates":[[119.3949511,32.3460594],[119.395148,32.3460874]]}},{"type":"Feature","id":"way/1032915159","properties":{"highway":"footway","source":"OpenStreetMap","osm_id":"way/1032915159","kind":"road"},"geometry":{"type":"LineString","coordinates":[[119.3955657,32.345604],[119.3955575,32.3456458],[119.3955427,32.3457214],[119.3960439,32.3457887],[119.3962178,32.345812],[119.3962538,32.345825],[119.3962569,32.3458523],[119.3961868,32.3462444],[119.3962988,32.3462579]]}},{"type":"Feature","id":"way/1032915160","properties":{"landuse":"grass","source":"OpenStreetMap","osm_id":"way/1032915160","kind":"green"},"geometry":{"type":"Polygon","coordinates":[[[119.3927535,32.3406683],[119.3927797,32.3406597],[119.3927847,32.3406293],[119.3928185,32.3406332],[119.3928342,32.3405328],[119.3939962,32.3406878],[119.3940511,32.3406951],[119.3971444,32.3411075],[119.397199,32.3411148],[119.3972084,32.3411222],[119.3972109,32.3411354],[119.3972116,32.3411709],[119.3971913,32.3412324],[119.3971606,32.3413428],[119.3971203,32.3415512],[119.3973041,32.3415739],[119.397297,32.3416259],[119.3971073,32.3416084],[119.3971012,32.3416533],[119.3972921,32.341671],[119.397241,32.3419902],[119.3970464,32.3419687],[119.3970403,32.3420252],[119.3966234,32.341977],[119.3963609,32.3419375],[119.3953711,32.3418121],[119.3949084,32.3417535],[119.3948681,32.341752],[119.3946746,32.3417788],[119.394554,32.3417814],[119.3945671,32.3416656],[119.3945599,32.3415849],[119.394429,32.3415523],[119.3942867,32.3415323],[119.3941509,32.3415394],[119.3940725,32.3415555],[119.3940893,32.3414397],[119.3940985,32.3413392],[119.3940657,32.3409227],[119.3940452,32.3408871],[119.3940298,32.3408613],[119.3940111,32.3408602],[119.3939953,32.3408593],[119.393999,32.3409301],[119.3939872,32.3409488],[119.393961,32.3409726],[119.3939278,32.3409864],[119.3938778,32.3409851],[119.3938393,32.3409793],[119.3938071,32.3409639],[119.3937748,32.3409652],[119.3937232,32.3409651],[119.3936705,32.3409564],[119.3936252,32.3409361],[119.3936027,32.3409075],[119.3935878,32.3408605],[119.3935743,32.3408047],[119.3935557,32.340783],[119.3935216,32.3407685],[119.3934706,32.3407386],[119.3934042,32.3407188],[119.3933408,32.3407044],[119.3927535,32.3406683]]]}},{"type":"Feature","id":"way/1032915165","properties":{"highway":"footway","source":"OpenStreetMap","osm_id":"way/1032915165","kind":"road"},"geometry":{"type":"LineString","coordinates":[[119.3942947,32.3418647],[119.3943178,32.3416972]]}},{"type":"Feature","id":"way/1032915167","properties":{"landuse":"grass","source":"OpenStreetMap","osm_id":"way/1032915167","kind":"green"},"geometry":{"type":"Polygon","coordinates":[[[119.3906639,32.3405925],[119.3907924,32.3405732],[119.390948,32.3405636],[119.3911351,32.3405606],[119.3912833,32.3405676],[119.3914132,32.340574],[119.391583,32.3405973],[119.3918209,32.3406708],[119.3920811,32.3407978],[119.3921992,32.3408981],[119.3922051,32.3409239],[119.3921968,32.3409414],[119.3921783,32.3410322],[119.3921812,32.3410649],[119.3922038,32.3411536],[119.3922234,32.3411829],[119.3922292,32.3412087],[119.3922087,32.3412567],[119.3921186,32.3414225],[119.39209,32.3414517],[119.3920264,32.3414897],[119.3919571,32.341554],[119.3918183,32.3416774],[119.3916898,32.341848],[119.3913696,32.3417284],[119.3914344,32.3415937],[119.3913118,32.3415933],[119.3913378,32.3415227],[119.391395,32.3415221],[119.3914375,32.3415366],[119.3914878,32.3415515],[119.3915904,32.3415576],[119.3916698,32.341558],[119.3917271,32.3415478],[119.3917719,32.3415427],[119.3918027,32.3415185],[119.3917892,32.3415],[119.3918348,32.3414764],[119.3918553,32.3415045],[119.392034,32.3414419],[119.3920677,32.3414231],[119.3921785,32.3412118],[119.3921807,32.3411984],[119.3921692,32.3411708],[119.3921492,32.3411352],[119.3921304,32.3410619],[119.3921345,32.3409937],[119.392144,32.3409442],[119.3921589,32.3409203],[119.3921509,32.340901],[119.3920023,32.3408059],[119.3917535,32.3406868],[119.3915901,32.3406339],[119.3915312,32.3406223],[119.3914784,32.3406313],[119.3910987,32.3408765],[119.3910443,32.3408268],[119.3909796,32.3407928],[119.3909239,32.3407789],[119.3908691,32.3407762],[119.3907762,32.3407893],[119.3906639,32.3405925]]]}},{"type":"Feature","id":"way/1032915168","properties":{"leisure":"garden","source":"OpenStreetMap","osm_id":"way/1032915168","kind":"green"},"geometry":{"type":"Polygon","coordinates":[[[119.3906203,32.3409975],[119.3906293,32.3409349],[119.3906549,32.3408922],[119.3907015,32.3408388],[119.3906355,32.3407856],[119.3904572,32.3406417],[119.3901552,32.3407531],[119.3899464,32.3408707],[119.3897922,32.3409955],[119.3896275,32.3411889],[119.3896385,32.3412147],[119.3896837,32.3412406],[119.3904749,32.3415256],[119.3905055,32.3414968],[119.3904912,32.3414824],[119.3904964,32.3414105],[119.3904973,32.3413624],[119.3904865,32.3413205],[119.3904452,32.3412518],[119.3904204,32.3412001],[119.3904246,32.3411464],[119.3904471,32.34109],[119.3905013,32.34103],[119.3905389,32.3410032],[119.3905744,32.3409969],[119.3906203,32.3409975]]]}},{"type":"Feature","id":"way/1032915169","properties":{"highway":"footway","source":"OpenStreetMap","osm_id":"way/1032915169","kind":"road"},"geometry":{"type":"LineString","coordinates":[[119.3902882,32.3416079],[119.3903174,32.3415551],[119.3903209,32.3415341],[119.390325,32.3415077],[119.3903358,32.3414156],[119.3903419,32.3412932],[119.3903445,32.3412539],[119.3903461,32.3412295],[119.3903509,32.3411708],[119.3903634,32.3411006],[119.3903886,32.3410495],[119.3904336,32.3410072],[119.3904983,32.3409617],[119.3905366,32.340952],[119.3905679,32.3409401],[119.3906196,32.3409231],[119.3906549,32.3408922]]}},{"type":"Feature","id":"way/1032915170","properties":{"highway":"footway","source":"OpenStreetMap","osm_id":"way/1032915170","kind":"road"},"geometry":{"type":"LineString","coordinates":[[119.3896524,32.3410903],[119.3897549,32.341082],[119.3899398,32.341055],[119.3900729,32.3410316],[119.3901555,32.3409848],[119.3902736,32.3409135],[119.3903577,32.3408704],[119.390463,32.3408272],[119.3905751,32.3407964],[119.3906355,32.3407856]]}},{"type":"Feature","id":"way/1032915171","properties":{"highway":"footway","source":"OpenStreetMap","osm_id":"way/1032915171","kind":"road"},"geometry":{"type":"LineString","coordinates":[[119.3900729,32.3410316],[119.3900756,32.3410977],[119.3900918,32.3411495],[119.3901136,32.3411787],[119.3901399,32.3411979],[119.3902031,32.3412197],[119.3902583,32.3412282],[119.3902995,32.3412363],[119.3903445,32.3412539]]}},{"type":"Feature","id":"way/1032915172","properties":{"leisure":"garden","source":"OpenStreetMap","osm_id":"way/1032915172","kind":"green"},"geometry":{"type":"Polygon","coordinates":[[[119.3896099,32.3420178],[119.39043,32.3423248],[119.3903446,32.3424984],[119.3904783,32.3425486],[119.3905397,32.3424827],[119.3905705,32.3424147],[119.3905679,32.3423659],[119.3905249,32.3423218],[119.3904269,32.342229],[119.3903196,32.342134],[119.3902635,32.3420469],[119.3902324,32.3419285],[119.3902331,32.3418623],[119.3902766,32.3418104],[119.3896124,32.3415541],[119.3895935,32.3416321],[119.3895757,32.3417336],[119.3895621,32.3418808],[119.3895653,32.3419804],[119.3896099,32.3420178]]]}},{"type":"Feature","id":"way/1032915173","properties":{"highway":"pedestrian","area":"yes","source":"OpenStreetMap","osm_id":"way/1032915173","kind":"road"},"geometry":{"type":"Polygon","coordinates":[[[119.3903575,32.3418063],[119.3903036,32.3419143],[119.3903064,32.341947],[119.3903221,32.3419835],[119.3903525,32.3420252],[119.3904326,32.3420924],[119.3904638,32.3421223],[119.3904677,32.3421587],[119.3904742,32.3421879],[119.3904921,32.3422122],[119.390578,32.3422854],[119.3906178,32.3423321],[119.3906473,32.3423752],[119.3906722,32.3423971],[119.3910265,32.3425316],[119.3910382,32.3425095],[119.3910729,32.3424436],[119.391032,32.3424297],[119.3909807,32.3424109],[119.3909466,32.3424741],[119.3909082,32.3424524],[119.3908768,32.3424281],[119.3908347,32.3423861],[119.3907987,32.3423372],[119.3907718,32.3422856],[119.3907534,32.34223],[119.3907451,32.3421779],[119.3907367,32.3420231],[119.3907737,32.3420208],[119.3907723,32.3419894],[119.3907345,32.3419608],[119.390618,32.3419938],[119.39056,32.3419914],[119.3905094,32.3419723],[119.3904688,32.34195],[119.3904246,32.3419118],[119.3904063,32.3418857],[119.3903575,32.3418063]]]}},{"type":"Feature","id":"way/1032915174","properties":{"leisure":"garden","source":"OpenStreetMap","osm_id":"way/1032915174","kind":"green"},"geometry":{"type":"Polygon","coordinates":[[[119.3904345,32.3426554],[119.3902489,32.3430115],[119.3899578,32.3429029],[119.3897638,32.3427814],[119.3896125,32.3426158],[119.3895497,32.3425068],[119.3894741,32.3423388],[119.3894092,32.342089],[119.3893864,32.3418873],[119.3893989,32.341723],[119.3894146,32.3415649],[119.3894624,32.3414531],[119.3895223,32.3414767],[119.3895367,32.3415071],[119.3894983,32.3416756],[119.3894788,32.3418986],[119.3894849,32.3421304],[119.3895279,32.3423115],[119.3904345,32.3426554]]]}},{"type":"Feature","id":"way/1032915175","properties":{"landuse":"grass","source":"OpenStreetMap","osm_id":"way/1032915175","kind":"green"},"geometry":{"type":"Polygon","coordinates":[[[119.3922465,32.3420027],[119.392414,32.3416814],[119.3925755,32.3417115],[119.3928019,32.3417386],[119.3929388,32.3417457],[119.3930288,32.3417603],[119.39292,32.3419611],[119.3927738,32.3419045],[119.3926475,32.3421422],[119.3925558,32.3421093],[119.392538,32.3420563],[119.3924502,32.3420247],[119.3923842,32.3420544],[119.3922465,32.3420027]]]}},{"type":"Feature","id":"way/1032915176","properties":{"landuse":"grass","source":"OpenStreetMap","osm_id":"way/1032915176","kind":"green"},"geometry":{"type":"Polygon","coordinates":[[[119.3931085,32.3423653],[119.3934313,32.3424754],[119.3934494,32.3423945],[119.3934669,32.3423133],[119.3934805,32.3422063],[119.3934697,32.3421276],[119.3934444,32.3420406],[119.3933754,32.34194],[119.3932392,32.3418386],[119.3931305,32.3417911],[119.3930206,32.3420002],[119.3932215,32.342078],[119.3931865,32.3421403],[119.3932126,32.3421513],[119.3931085,32.3423653]]]}},{"type":"Feature","id":"way/1032915178","properties":{"natural":"scrub","name":"竹林","source":"OpenStreetMap","osm_id":"way/1032915178","kind":"green"},"geometry":{"type":"Polygon","coordinates":[[[119.3919864,32.3425339],[119.392025,32.3425233],[119.3920589,32.3425058],[119.3921184,32.3425134],[119.39227,32.342545],[119.3924537,32.3425593],[119.3925421,32.3425537],[119.3925821,32.3425374],[119.3926263,32.3425075],[119.3926635,32.3424865],[119.3926369,32.3424832],[119.3926063,32.3424823],[119.3925796,32.3424842],[119.3925606,32.3424818],[119.392545,32.3424769],[119.3925329,32.3424715],[119.3924952,32.3424458],[119.3924721,32.3424329],[119.3924458,32.3424193],[119.3924304,32.3424156],[119.3924156,32.342414],[119.3923768,32.3424146],[119.3923656,32.3424129],[119.392355,32.3424095],[119.3923119,32.3423837],[119.3921767,32.3422825],[119.3921654,32.3422735],[119.392153,32.3422646],[119.3921402,32.342259],[119.3921243,32.3422556],[119.3921072,32.3422532],[119.3920887,32.3422528],[119.3920671,32.3422544],[119.3920449,32.3422597],[119.3920113,32.3422762],[119.3919764,32.3422973],[119.3919584,32.3423123],[119.3919409,32.3423324],[119.3919293,32.3423563],[119.3919204,32.3423869],[119.3919133,32.3424199],[119.3919109,32.3424541],[119.3919147,32.3424726],[119.3919233,32.3424882],[119.3919397,32.3425142],[119.3919864,32.3425339]]]}},{"type":"Feature","id":"way/1032915179","properties":{"landuse":"grass","source":"OpenStreetMap","osm_id":"way/1032915179","kind":"green"},"geometry":{"type":"Polygon","coordinates":[[[119.3922329,32.3429944],[119.392398,32.3430027],[119.3926283,32.343014],[119.3927476,32.3430046],[119.3928456,32.3429782],[119.3929336,32.3429182],[119.3930588,32.3428182],[119.3931755,32.3427564],[119.3932053,32.3427254],[119.3932066,32.3426995],[119.3931492,32.3426733],[119.3927075,32.3425369],[119.3926626,32.3425658],[119.3925689,32.3426124],[119.3924269,32.3426472],[119.3923626,32.34267],[119.3923187,32.3427083],[119.3922848,32.3427901],[119.3922327,32.342905],[119.3922025,32.3429546],[119.3922087,32.3429754],[119.3922329,32.3429944]]]}},{"type":"Feature","id":"way/1032915180","properties":{"landuse":"grass","source":"OpenStreetMap","osm_id":"way/1032915180","kind":"green"},"geometry":{"type":"Polygon","coordinates":[[[119.3918897,32.3430046],[119.3919078,32.343011],[119.3920693,32.3430683],[119.3920937,32.343044],[119.3922255,32.3427367],[119.392278,32.3426438],[119.3923232,32.3426131],[119.3925337,32.3425706],[119.3925821,32.3425374],[119.3925421,32.3425537],[119.3924537,32.3425593],[119.39227,32.342545],[119.3921184,32.3425134],[119.3920589,32.3425058],[119.392025,32.3425233],[119.3919864,32.3425339],[119.3919397,32.3425142],[119.3920047,32.3425705],[119.3920411,32.3426248],[119.3920616,32.3426933],[119.3920484,32.3428039],[119.3920196,32.3428657],[119.3919592,32.3429265],[119.3918897,32.3430046]]]}},{"type":"Feature","id":"way/1032915181","properties":{"landuse":"grass","source":"OpenStreetMap","osm_id":"way/1032915181","kind":"green"},"geometry":{"type":"Polygon","coordinates":[[[119.392059,32.3435932],[119.3921128,32.3431674],[119.3921941,32.3431361],[119.3924028,32.343123],[119.3931715,32.3431968],[119.3932245,32.3432019],[119.3932213,32.3432273],[119.3932107,32.3432646],[119.3930195,32.3440537],[119.3929793,32.3442201],[119.3929286,32.3443018],[119.3928674,32.3444069],[119.3927273,32.3451694],[119.3926133,32.3451544],[119.3927291,32.3444407],[119.3920108,32.3443712],[119.3919059,32.3450187],[119.3917247,32.3448875],[119.3916442,32.3448167],[119.3916261,32.344795],[119.3916209,32.3447628],[119.3916314,32.3446442],[119.3916515,32.3445297],[119.3916917,32.3443972],[119.3917248,32.3443416],[119.3917461,32.3443249],[119.3919889,32.3443341],[119.3920292,32.3443301],[119.3920713,32.3443042],[119.3920958,32.3442767],[119.3921285,32.3442254],[119.3921447,32.3441612],[119.3921474,32.3441155],[119.3921319,32.3440741],[119.3920872,32.3440272],[119.3920374,32.3439871],[119.3919539,32.3439488],[119.3919303,32.3439407],[119.3918685,32.3439342],[119.3918155,32.3439535],[119.3917669,32.3439559],[119.3915318,32.3439277],[119.3915564,32.3437254],[119.3919483,32.3437633],[119.3924778,32.3438144],[119.392502,32.343636],[119.392059,32.3435932]]]}},{"type":"Feature","id":"way/1032915182","properties":{"landuse":"grass","source":"OpenStreetMap","osm_id":"way/1032915182","kind":"green"},"geometry":{"type":"Polygon","coordinates":[[[119.3906911,32.3439059],[119.3904595,32.3438754],[119.3907076,32.3433219],[119.3907446,32.3433014],[119.390802,32.3433051],[119.3913645,32.343483],[119.3916583,32.3434919],[119.3917455,32.3434466],[119.3919207,32.3432683],[119.3919369,32.3432617],[119.3919462,32.343261],[119.3919537,32.3432624],[119.3919598,32.3432716],[119.3919618,32.3432849],[119.3919163,32.3435794],[119.3913472,32.3435272],[119.3912824,32.3439614],[119.3906911,32.3439059]]]}},{"type":"Feature","id":"way/1032915183","properties":{"leisure":"garden","source":"OpenStreetMap","osm_id":"way/1032915183","kind":"green"},"geometry":{"type":"Polygon","coordinates":[[[119.3892756,32.3434685],[119.3891062,32.3436369],[119.3890483,32.3435613],[119.3889627,32.3434377],[119.3889211,32.3433054],[119.3889886,32.3431796],[119.389115,32.3430975],[119.3895135,32.3430475],[119.3896143,32.3429362],[119.3896595,32.342841],[119.3899908,32.3430371],[119.3903759,32.3431896],[119.3905461,32.3432596],[119.3905775,32.3432899],[119.3905782,32.3433356],[119.3903594,32.3437593],[119.3902546,32.3436418],[119.3902344,32.3435614],[119.3900822,32.3434098],[119.3894868,32.3433523],[119.3892756,32.3434685]]]}},{"type":"Feature","id":"way/1032915185","properties":{"landuse":"grass","source":"OpenStreetMap","osm_id":"way/1032915185","kind":"green"},"geometry":{"type":"Polygon","coordinates":[[[119.3896064,32.3450526],[119.3896277,32.3449015],[119.390296,32.3449689],[119.3902747,32.3451199],[119.3896064,32.3450526]]]}},{"type":"Feature","id":"way/1032915186","properties":{"landuse":"grass","source":"OpenStreetMap","osm_id":"way/1032915186","kind":"green"},"geometry":{"type":"Polygon","coordinates":[[[119.391293,32.3455557],[119.3904468,32.3454523],[119.3904269,32.3453944],[119.3903945,32.3453142],[119.3903692,32.3452838],[119.3913158,32.3453941],[119.391293,32.3455557]]]}},{"type":"Feature","id":"way/1032915187","properties":{"landuse":"grass","source":"OpenStreetMap","osm_id":"way/1032915187","kind":"green"},"geometry":{"type":"Polygon","coordinates":[[[119.3899427,32.3454109],[119.3903421,32.3454548],[119.3903569,32.3454418],[119.3903601,32.3454158],[119.3902968,32.3452923],[119.3902724,32.3452472],[119.3899697,32.3452198],[119.3899427,32.3454109]]]}},{"type":"Feature","id":"way/1032915188","properties":{"landuse":"grass","source":"OpenStreetMap","osm_id":"way/1032915188","kind":"green"},"geometry":{"type":"Polygon","coordinates":[[[119.391554,32.3455868],[119.3922944,32.345668],[119.3923326,32.3456812],[119.3920219,32.3472306],[119.3920432,32.3472659],[119.3921555,32.3472834],[119.3922443,32.3472898],[119.3922558,32.3472109],[119.3922615,32.3471503],[119.3922918,32.3470342],[119.3923101,32.3469256],[119.3924618,32.3461761],[119.3924841,32.3460638],[119.3925196,32.345976],[119.392597,32.34576],[119.3925984,32.3456839],[119.3926564,32.3453733],[119.392666,32.3453483],[119.3926803,32.3453308],[119.3927061,32.3453074],[119.3927136,32.3452765],[119.3926725,32.3452725],[119.3926226,32.3452691],[119.3921639,32.3452146],[119.3921113,32.345208],[119.3920441,32.3451906],[119.3919695,32.3451643],[119.3918892,32.3451237],[119.3917913,32.3450605],[119.3917593,32.345292],[119.3916667,32.3452832],[119.3916411,32.3454508],[119.3915764,32.3454439],[119.391554,32.3455868]]]}},{"type":"Feature","id":"way/1032915191","properties":{"natural":"scrub","source":"OpenStreetMap","osm_id":"way/1032915191","kind":"green"},"geometry":{"type":"Polygon","coordinates":[[[119.3951455,32.3429725],[119.3951116,32.3430109],[119.3949983,32.3431223],[119.3949857,32.3431339],[119.3949437,32.3431726],[119.3949098,32.3431965],[119.3948785,32.3432101],[119.3948537,32.3432176],[119.3948307,32.3432209],[119.3947865,32.3432226],[119.3947329,32.3432178],[119.3940191,32.3431219],[119.3935761,32.3430964],[119.3933901,32.3430932],[119.393055,32.3430714],[119.3929698,32.3430517],[119.3929594,32.3430282],[119.3930213,32.3429468],[119.393122,32.3428697],[119.3933729,32.3427249],[119.393518,32.3425978],[119.3935454,32.3424715],[119.3935504,32.342291],[119.3935872,32.3420968],[119.3937604,32.3420795],[119.3937398,32.3421391],[119.3937539,32.3423825],[119.3937446,32.3426111],[119.3937209,32.3427244],[119.3937071,32.3427955],[119.3939793,32.3428512],[119.3946731,32.3429088],[119.394903,32.3429244],[119.3950337,32.342958],[119.3950954,32.3429751],[119.3951455,32.3429725]]]}},{"type":"Feature","id":"way/1032915192","properties":{"leisure":"garden","source":"OpenStreetMap","osm_id":"way/1032915192","kind":"green"},"geometry":{"type":"Polygon","coordinates":[[[119.3935872,32.3420968],[119.3935803,32.342039],[119.3935726,32.3420143],[119.3935348,32.3419465],[119.3934926,32.3418958],[119.3934636,32.3418674],[119.3933581,32.3417894],[119.3933557,32.3417283],[119.393401,32.3417369],[119.3935236,32.3417562],[119.3935788,32.3417583],[119.3936232,32.3417506],[119.3936499,32.3417296],[119.3936726,32.3417002],[119.3936843,32.3416664],[119.3936934,32.3416386],[119.3937629,32.3416881],[119.393819,32.3417319],[119.3938639,32.3418105],[119.3938727,32.3418672],[119.3938537,32.341915],[119.3938276,32.3419559],[119.3937772,32.3420115],[119.3937604,32.3420795],[119.3935872,32.3420968]]]}},{"type":"Feature","id":"way/1032915193","properties":{"highway":"path","source":"OpenStreetMap","osm_id":"way/1032915193","kind":"road"},"geometry":{"type":"LineString","coordinates":[[119.3935088,32.3420909],[119.39359,32.3419455],[119.3936362,32.3418502],[119.3936907,32.3417778],[119.3937488,32.3417223],[119.3938287,32.3416593]]}},{"type":"Feature","id":"way/1032915194","properties":{"landuse":"grass","source":"OpenStreetMap","osm_id":"way/1032915194","kind":"green"},"geometry":{"type":"Polygon","coordinates":[[[119.3950558,32.3431881],[119.3952251,32.3430508],[119.3953138,32.3429467],[119.3953799,32.3427753],[119.3958227,32.3428379],[119.3958165,32.3428669],[119.3967596,32.3429823],[119.3967301,32.3431277],[119.3966751,32.3434053],[119.3966474,32.3434357],[119.3966175,32.3434517],[119.3965997,32.3434502],[119.3964334,32.3435186],[119.3962774,32.343572],[119.3961723,32.3435753],[119.3960555,32.3435638],[119.3959372,32.3435268],[119.3958544,32.3434928],[119.3958154,32.343493],[119.3957351,32.3434697],[119.3956762,32.3434382],[119.3955204,32.3433436],[119.3954643,32.3433152],[119.3954079,32.3433018],[119.3953732,32.3432973],[119.395304,32.3432884],[119.395223,32.3432605],[119.3951194,32.3432132],[119.395082,32.3432055],[119.3950756,32.3432029],[119.3950704,32.3431995],[119.3950558,32.3431881]]]}},{"type":"Feature","id":"way/1032915196","properties":{"landuse":"grass","source":"OpenStreetMap","osm_id":"way/1032915196","kind":"green"},"geometry":{"type":"Polygon","coordinates":[[[119.3953982,32.3427345],[119.3954373,32.3425255],[119.3954783,32.3424197],[119.3955601,32.3422762],[119.3957504,32.3421061],[119.3958269,32.3420656],[119.3958753,32.3420546],[119.3970788,32.3421952],[119.3970803,32.3422334],[119.3969938,32.3427023],[119.3968759,32.3426869],[119.3968597,32.3427622],[119.3958403,32.342642],[119.3958146,32.3427855],[119.3953982,32.3427345]]]}},{"type":"Feature","id":"way/1032915197","properties":{"leisure":"garden","source":"OpenStreetMap","osm_id":"way/1032915197","kind":"green"},"geometry":{"type":"Polygon","coordinates":[[[119.3967301,32.3431277],[119.3969157,32.34315],[119.3969938,32.3427023],[119.3968759,32.3426869],[119.3968597,32.3427622],[119.3968407,32.3428866],[119.3967795,32.3428814],[119.3967301,32.3431277]]]}},{"type":"Feature","id":"way/1032915198","properties":{"natural":"tree_row","source":"OpenStreetMap","osm_id":"way/1032915198","kind":"trees"},"geometry":{"type":"LineString","coordinates":[[119.3977624,32.3427217],[119.3978323,32.3423166]]}},{"type":"Feature","id":"way/1032915199","properties":{"natural":"tree_row","source":"OpenStreetMap","osm_id":"way/1032915199","kind":"trees"},"geometry":{"type":"LineString","coordinates":[[119.3976792,32.3432237],[119.3977507,32.3427896]]}},{"type":"Feature","id":"way/1032915200","properties":{"natural":"tree_row","source":"OpenStreetMap","osm_id":"way/1032915200","kind":"trees"},"geometry":{"type":"LineString","coordinates":[[119.3976386,32.3427081],[119.3977084,32.342303]]}},{"type":"Feature","id":"way/1032915201","properties":{"natural":"tree_row","source":"OpenStreetMap","osm_id":"way/1032915201","kind":"trees"},"geometry":{"type":"LineString","coordinates":[[119.3975554,32.34321],[119.3976269,32.342776]]}},{"type":"Feature","id":"way/1032915202","properties":{"natural":"tree_row","source":"OpenStreetMap","osm_id":"way/1032915202","kind":"trees"},"geometry":{"type":"LineString","coordinates":[[119.3972311,32.3426555],[119.397301,32.3422504]]}},{"type":"Feature","id":"way/1032915203","properties":{"natural":"tree_row","source":"OpenStreetMap","osm_id":"way/1032915203","kind":"trees"},"geometry":{"type":"LineString","coordinates":[[119.397148,32.3431574],[119.3972194,32.3427234]]}},{"type":"Feature","id":"way/1032915204","properties":{"natural":"tree_row","source":"OpenStreetMap","osm_id":"way/1032915204","kind":"trees"},"geometry":{"type":"LineString","coordinates":[[119.3971056,32.3426403],[119.3971755,32.3422352]]}},{"type":"Feature","id":"way/1032915205","properties":{"natural":"tree_row","source":"OpenStreetMap","osm_id":"way/1032915205","kind":"trees"},"geometry":{"type":"LineString","coordinates":[[119.3970224,32.3431422],[119.3970939,32.3427082]]}},{"type":"Feature","id":"way/1032915206","properties":{"natural":"tree_row","source":"OpenStreetMap","osm_id":"way/1032915206","kind":"trees"},"geometry":{"type":"LineString","coordinates":[[119.3977964,32.342169],[119.3978715,32.3417689]]}},{"type":"Feature","id":"way/1032915207","properties":{"natural":"tree_row","source":"OpenStreetMap","osm_id":"way/1032915207","kind":"trees"},"geometry":{"type":"LineString","coordinates":[[119.3972812,32.3420341],[119.3973453,32.3416154]]}},{"type":"Feature","id":"way/1032915208","properties":{"leisure":"garden","source":"OpenStreetMap","osm_id":"way/1032915208","kind":"green"},"geometry":{"type":"Polygon","coordinates":[[[119.3980723,32.3422249],[119.3981697,32.3417441],[119.398235,32.3413952],[119.3982498,32.341316],[119.3982744,32.3412923],[119.4008496,32.3416381],[119.4008921,32.3416551],[119.4006812,32.3430548],[119.4006432,32.3432073],[119.4006053,32.3434543],[119.4006022,32.3435691],[119.4005899,32.3437051],[119.4005624,32.3438682],[119.4005003,32.3441828],[119.4003854,32.3449371],[119.4002468,32.3457795],[119.4002191,32.3458238],[119.4001814,32.3458518],[119.4001157,32.3458968],[119.4000339,32.3459253],[119.399995,32.3459649],[119.3999774,32.3459829],[119.4000773,32.3458217],[119.4001524,32.3456142],[119.4006546,32.3424951],[119.4005918,32.342399],[119.4004813,32.34233],[119.4003348,32.342272],[119.3999599,32.3422176],[119.3996973,32.3421829],[119.3995081,32.3421544],[119.3993146,32.3421544],[119.3991789,32.3422018],[119.3989823,32.3422736],[119.3988813,32.3422821],[119.3987923,32.3422842],[119.3986868,32.342288],[119.3985811,32.3422851],[119.3980723,32.3422249]]]}},{"type":"Feature","id":"way/1032915209","properties":{"leisure":"garden","source":"OpenStreetMap","osm_id":"way/1032915209","kind":"green"},"geometry":{"type":"Polygon","coordinates":[[[119.399139,32.343297],[119.4004188,32.3434659],[119.4005487,32.3426085],[119.4005382,32.3425341],[119.400509,32.342485],[119.4004601,32.3424409],[119.400403,32.3424015],[119.400332,32.3423799],[119.3994977,32.3422705],[119.399418,32.3422698],[119.3993179,32.3422913],[119.399139,32.343297]]]}},{"type":"Feature","id":"way/1032915210","properties":{"landuse":"grass","source":"OpenStreetMap","osm_id":"way/1032915210","kind":"green"},"geometry":{"type":"Polygon","coordinates":[[[119.3980203,32.3422906],[119.3988064,32.3423863],[119.3989687,32.3423692],[119.3991175,32.3423106],[119.3992027,32.3422847],[119.3992354,32.3422963],[119.3992457,32.3423222],[119.3991485,32.3429004],[119.3991263,32.3429058],[119.3987195,32.342849],[119.3987209,32.3428401],[119.3984444,32.3428031],[119.3984323,32.3428672],[119.3991185,32.3429606],[119.3991371,32.3429773],[119.3988646,32.3445091],[119.3988297,32.3445438],[119.3987498,32.344572],[119.3986878,32.34459],[119.3986599,32.3446252],[119.398628,32.3446776],[119.3986193,32.3447155],[119.3984331,32.3458021],[119.3984045,32.3457973],[119.3983261,32.3457582],[119.3982491,32.3456992],[119.3981975,32.345626],[119.3981746,32.3455492],[119.3981733,32.3455049],[119.3982602,32.3449361],[119.3982952,32.3448617],[119.3985328,32.3445167],[119.3986151,32.3444515],[119.3986634,32.3444298],[119.3986816,32.3444161],[119.3986914,32.3443917],[119.3986766,32.3443588],[119.3985931,32.3442189],[119.3985849,32.3441084],[119.3985582,32.3441053],[119.398575,32.3439794],[119.3986711,32.3439884],[119.3987112,32.3438835],[119.3987259,32.3438021],[119.3987275,32.3436422],[119.3986796,32.343561],[119.3986144,32.3435261],[119.398541,32.3435104],[119.3978706,32.3434469],[119.3974031,32.3433801],[119.3974187,32.3432989],[119.3974471,32.3432779],[119.3974891,32.3432779],[119.3978195,32.343313],[119.3978605,32.3432872],[119.3978851,32.3431249],[119.3989324,32.3432515],[119.3989695,32.3430477],[119.3983425,32.3429598],[119.3983885,32.3427085],[119.399033,32.3427898],[119.3990734,32.3425615],[119.3980994,32.3424384],[119.3979835,32.3424239],[119.3979639,32.3423975],[119.3979831,32.3422999],[119.3980203,32.3422906]]]}},{"type":"Feature","id":"way/1032915211","properties":{"landuse":"grass","source":"OpenStreetMap","osm_id":"way/1032915211","kind":"green"},"geometry":{"type":"Polygon","coordinates":[[[119.3968142,32.3433089],[119.3969113,32.34327],[119.3969833,32.343228],[119.3970237,32.3432252],[119.3972726,32.3432544],[119.3972929,32.3432664],[119.3972992,32.3432908],[119.3972868,32.3433678],[119.3968142,32.3433089]]]}},{"type":"Feature","id":"way/1032915212","properties":{"landuse":"grass","source":"OpenStreetMap","osm_id":"way/1032915212","kind":"green"},"geometry":{"type":"Polygon","coordinates":[[[119.3977288,32.3457395],[119.3976639,32.3457524],[119.3976262,32.3458095],[119.3976021,32.3458216],[119.3975561,32.34582],[119.3972717,32.3457748],[119.3972414,32.3457591],[119.3972447,32.3457343],[119.3973799,32.3449515],[119.3973942,32.3449266],[119.3974251,32.3449203],[119.3975032,32.3449293],[119.3975349,32.3449274],[119.3975538,32.344911],[119.397577,32.3448616],[119.397619,32.3446653],[119.397592,32.3446213],[119.3975199,32.3446423],[119.3974824,32.3448301],[119.3974598,32.3448493],[119.3974261,32.3448468],[119.397411,32.3448355],[119.3974076,32.3448049],[119.3974336,32.3446968],[119.3974672,32.3446496],[119.3975116,32.3446156],[119.3975645,32.3445993],[119.3976348,32.3445747],[119.397686,32.3445592],[119.3977397,32.3444915],[119.3977702,32.344531],[119.397822,32.344576],[119.3978388,32.3446039],[119.3978454,32.3446315],[119.3978469,32.3446824],[119.3977966,32.3449617],[119.3977674,32.3451408],[119.397681,32.3452894],[119.3976529,32.345329],[119.3976222,32.3453875],[119.3976102,32.3454216],[119.3976165,32.3454659],[119.3976559,32.345681],[119.3976809,32.3457155],[119.3977288,32.3457395]]]}},{"type":"Feature","id":"way/1032915213","properties":{"landuse":"grass","source":"OpenStreetMap","osm_id":"way/1032915213","kind":"green"},"geometry":{"type":"Polygon","coordinates":[[[119.3987324,32.3452275],[119.3987407,32.3451787],[119.3993808,32.3452564],[119.3993725,32.3453051],[119.3994872,32.3453213],[119.3995069,32.3452131],[119.3987632,32.345116],[119.3988206,32.3448023],[119.3999185,32.3449454],[119.3999007,32.3450429],[119.4001123,32.3450634],[119.4001514,32.3450411],[119.4002365,32.3445576],[119.4002374,32.3445298],[119.4002024,32.3445214],[119.3999217,32.3444934],[119.399088,32.3443838],[119.3991595,32.3439962],[119.399101,32.3439886],[119.3990124,32.3439699],[119.3989029,32.3445447],[119.3988329,32.3445993],[119.3987329,32.3446347],[119.3986868,32.3446678],[119.3986727,32.3447054],[119.3985971,32.3451872],[119.3986046,32.3452117],[119.3987038,32.3452323],[119.3987324,32.3452275]]]}},{"type":"Feature","id":"way/1032915214","properties":{"landuse":"grass","source":"OpenStreetMap","osm_id":"way/1032915214","kind":"green"},"geometry":{"type":"Polygon","coordinates":[[[119.3985949,32.3452607],[119.3986887,32.3452695],[119.3986782,32.345323],[119.3992306,32.3454001],[119.399241,32.3453465],[119.3994778,32.3453721],[119.3994404,32.3455764],[119.3986662,32.3454752],[119.3986136,32.3457817],[119.3994627,32.3459018],[119.3995392,32.3458978],[119.3996194,32.3458379],[119.3996645,32.3457774],[119.3997023,32.3457099],[119.3997771,32.3457197],[119.3998319,32.3454198],[119.4000463,32.345449],[119.4000757,32.3454615],[119.4000926,32.345488],[119.4000344,32.3456636],[119.3999794,32.3457218],[119.3998532,32.3457832],[119.3997337,32.3458255],[119.3996577,32.3458527],[119.3995047,32.3459275],[119.3994512,32.3459734],[119.3984844,32.3458107],[119.3985949,32.3452607]]]}},{"type":"Feature","id":"way/1032915217","properties":{"landuse":"grass","source":"OpenStreetMap","osm_id":"way/1032915217","kind":"green"},"geometry":{"type":"Polygon","coordinates":[[[119.3998413,32.3453682],[119.4000411,32.3453981],[119.4000666,32.345395],[119.4000868,32.3453623],[119.4001114,32.3451794],[119.3998802,32.345155],[119.3998413,32.3453682]]]}},{"type":"Feature","id":"way/1032915218","properties":{"landuse":"grass","source":"OpenStreetMap","osm_id":"way/1032915218","kind":"green"},"geometry":{"type":"Polygon","coordinates":[[[119.4001092,32.3444532],[119.4002215,32.3444741],[119.4002569,32.3444581],[119.4002672,32.3444163],[119.400305,32.3441124],[119.4002599,32.3440917],[119.3996511,32.3440292],[119.399621,32.3441786],[119.400147,32.3442477],[119.4001092,32.3444532]]]}},{"type":"Feature","id":"way/1032915219","properties":{"landuse":"grass","source":"OpenStreetMap","osm_id":"way/1032915219","kind":"green"},"geometry":{"type":"Polygon","coordinates":[[[119.3996752,32.3438983],[119.400322,32.3439807],[119.4003436,32.3439609],[119.4003539,32.3439185],[119.4004044,32.343542],[119.4003763,32.343521],[119.3997082,32.3434356],[119.3996887,32.3435314],[119.4002551,32.3435968],[119.4002261,32.3437763],[119.399706,32.3437162],[119.3996752,32.3438983]]]}},{"type":"Feature","id":"way/1032915220","properties":{"natural":"scrub","source":"OpenStreetMap","osm_id":"way/1032915220","kind":"green"},"geometry":{"type":"Polygon","coordinates":[[[119.3990727,32.3436298],[119.3992525,32.343653],[119.3992799,32.3434842],[119.3996164,32.343523],[119.3996356,32.343418],[119.3991453,32.3433563],[119.3991265,32.3433622],[119.3991116,32.3433812],[119.3990727,32.3436298]]]}},{"type":"Feature","id":"way/1032915221","properties":{"highway":"footway","source":"OpenStreetMap","osm_id":"way/1032915221","kind":"road"},"geometry":{"type":"LineString","coordinates":[[119.3990365,32.3436818],[119.3997188,32.3437623],[119.399693,32.3439312],[119.3996935,32.3439548],[119.3997117,32.3439636],[119.3997372,32.3439677]]}},{"type":"Feature","id":"way/1032915222","properties":{"highway":"path","source":"OpenStreetMap","osm_id":"way/1032915222","kind":"road"},"geometry":{"type":"LineString","coordinates":[[119.397778,32.3432888],[119.39793,32.3433265],[119.3980385,32.3433411],[119.3986942,32.3434051],[119.3988039,32.3434355],[119.3988777,32.343464],[119.3989586,32.3435049],[119.398995,32.3435447],[119.3990492,32.3436095]]}},{"type":"Feature","id":"way/1032915225","properties":{"website":"https://www.yzu.edu.cn","internet_access:ssid":"YZU_EDU","name:yue-Hant":"揚州大學揚子津校區","addr:postcode":"225127","name":"扬州大学扬子津校区","internet_access":"yes","name:en":"Yangzhou University Yangzijin Campus","addr:city":"扬州市","phone":"+86 514 8799 3993","addr:district":"邗江区","addr:province":"江苏省","operator":"扬州大学","name:zh-Hant":"揚州大學揚子津校區","addr:street":"华扬西路","start_date":"2009-09","operator:type":"public","addr:housenumber":"196","internet_access:fee":"yes","amenity":"university","source":"OpenStreetMap","osm_id":"way/1032915225","kind":"boundary"},"geometry":{"type":"Polygon","coordinates":[[[119.3918282,32.3491753],[119.3919004,32.3492484],[119.3996062,32.3502402],[119.4009848,32.3414653],[119.3928174,32.3404068],[119.3924151,32.3403546],[119.3894089,32.3399939],[119.3884282,32.3468886],[119.3886534,32.3469157],[119.389637,32.3470218],[119.3922401,32.3473182],[119.3922713,32.3473705],[119.3918282,32.3491753]]]}},{"type":"Feature","id":"way/1032915226","properties":{"highway":"service","service":"parking_aisle","source":"OpenStreetMap","osm_id":"way/1032915226","kind":"road"},"geometry":{"type":"LineString","coordinates":[[119.3933714,32.3474011],[119.3933335,32.3476302]]}},{"type":"Feature","id":"way/1032915227","properties":{"service":"driveway","name":"侧方位停车","highway":"service","source":"OpenStreetMap","osm_id":"way/1032915227","kind":"road"},"geometry":{"type":"LineString","coordinates":[[119.3963978,32.3479841],[119.3963293,32.3483304]]}},{"type":"Feature","id":"way/1032915228","properties":{"highway":"service","service":"driveway","source":"OpenStreetMap","osm_id":"way/1032915228","kind":"road"},"geometry":{"type":"LineString","coordinates":[[119.3953345,32.348634],[119.3952189,32.3486181],[119.395202,32.3486062],[119.3951963,32.3485925],[119.3951977,32.3485749],[119.3952048,32.3485359],[119.3952159,32.3484748],[119.395231,32.3483924],[119.3952687,32.3481861],[119.3953031,32.3481905]]}},{"type":"Feature","id":"way/1032915229","properties":{"highway":"service","service":"driveway","source":"OpenStreetMap","osm_id":"way/1032915229","kind":"road"},"geometry":{"type":"LineString","coordinates":[[119.3962742,32.3486094],[119.3961196,32.3485897],[119.3960257,32.3485778],[119.395749,32.3485426],[119.3952159,32.3484748]]}},{"type":"Feature","id":"way/1032915230","properties":{"service":"driveway","name":"坡道起步","highway":"service","source":"OpenStreetMap","osm_id":"way/1032915230","kind":"road"},"geometry":{"type":"LineString","coordinates":[[119.3953394,32.3485942],[119.3960494,32.348691]]}},{"type":"Feature","id":"way/1032915231","properties":{"service":"driveway","name":"坡道起步","highway":"service","source":"OpenStreetMap","osm_id":"way/1032915231","kind":"road"},"geometry":{"type":"LineString","coordinates":[[119.3953482,32.3485549],[119.3960608,32.3486494]]}},{"type":"Feature","id":"way/1032915232","properties":{"highway":"service","service":"driveway","source":"OpenStreetMap","osm_id":"way/1032915232","kind":"road"},"geometry":{"type":"LineString","coordinates":[[119.395749,32.3485426],[119.3957844,32.3483112],[119.3957933,32.348253],[119.3958176,32.3480934],[119.3958284,32.3480229],[119.3958407,32.3479423],[119.3958497,32.3478833],[119.3961298,32.3479174],[119.3962373,32.3479305],[119.3964044,32.3479508]]}},{"type":"Feature","id":"way/1032915233","properties":{"highway":"service","service":"driveway","source":"OpenStreetMap","osm_id":"way/1032915233","kind":"road"},"geometry":{"type":"LineString","coordinates":[[119.3960257,32.3485778],[119.3960327,32.3485336],[119.3960733,32.348276],[119.3960846,32.348204],[119.3961298,32.3479174]]}},{"type":"Feature","id":"way/1032915234","properties":{"service":"driveway","name":"侧方位停车","highway":"service","source":"OpenStreetMap","osm_id":"way/1032915234","kind":"road"},"geometry":{"type":"LineString","coordinates":[[119.3961196,32.3485897],[119.3962373,32.3479305]]}},{"type":"Feature","id":"way/1032915235","properties":{"service":"driveway","name":"倒车入库","highway":"service","source":"OpenStreetMap","osm_id":"way/1032915235","kind":"road"},"geometry":{"type":"LineString","coordinates":[[119.3964584,32.3487953],[119.3965016,32.3485668],[119.3966069,32.3480088]]}},{"type":"Feature","id":"way/1032915236","properties":{"highway":"service","service":"driveway","source":"OpenStreetMap","osm_id":"way/1032915236","kind":"road"},"geometry":{"type":"LineString","coordinates":[[119.3965016,32.3485668],[119.396288,32.3485394]]}},{"type":"Feature","id":"way/1032915237","properties":{"service":"driveway","name":"直角转弯","highway":"service","source":"OpenStreetMap","osm_id":"way/1032915237","kind":"road"},"geometry":{"type":"LineString","coordinates":[[119.3960327,32.3485336],[119.3959483,32.3484188],[119.395911,32.3483693],[119.3960733,32.348276]]}},{"type":"Feature","id":"way/1032915238","properties":{"service":"driveway","name":"S弯","highway":"service","source":"OpenStreetMap","osm_id":"way/1032915238","kind":"road"},"geometry":{"type":"LineString","coordinates":[[119.3960846,32.348204],[119.3960249,32.3481844],[119.3959935,32.3481664],[119.3959748,32.3481477],[119.3959586,32.3481257],[119.3959534,32.3481038],[119.3959603,32.3480849],[119.3959782,32.3480705],[119.3959906,32.3480562],[119.3959993,32.3480397],[119.396003,32.3480219],[119.3959999,32.3480044],[119.3959899,32.3479912],[119.3959715,32.3479781],[119.3959402,32.347963],[119.3958407,32.3479423]]}},{"type":"Feature","id":"way/1032915239","properties":{"service":"driveway","name":"倒车入库","highway":"service","source":"OpenStreetMap","osm_id":"way/1032915239","kind":"road"},"geometry":{"type":"LineString","coordinates":[[119.395275,32.3480288],[119.395329,32.3480352],[119.3958176,32.3480934]]}},{"type":"Feature","id":"way/1032915240","properties":{"highway":"service","service":"driveway","source":"OpenStreetMap","osm_id":"way/1032915240","kind":"road"},"geometry":{"type":"LineString","coordinates":[[119.3953031,32.3481905],[119.395329,32.3480352]]}},{"type":"Feature","id":"way/1032915241","properties":{"service":"driveway","name":"倒车入库","highway":"service","source":"OpenStreetMap","osm_id":"way/1032915241","kind":"road"},"geometry":{"type":"LineString","coordinates":[[119.3952696,32.3479553],[119.3958284,32.3480229]]}},{"type":"Feature","id":"way/1032915242","properties":{"service":"driveway","name":"倒车入库","highway":"service","source":"OpenStreetMap","osm_id":"way/1032915242","kind":"road"},"geometry":{"type":"LineString","coordinates":[[119.3952934,32.3478175],[119.3958497,32.3478833]]}},{"type":"Feature","id":"way/1032915243","properties":{"service":"driveway","name":"S弯","highway":"service","source":"OpenStreetMap","osm_id":"way/1032915243","kind":"road"},"geometry":{"type":"LineString","coordinates":[[119.395231,32.3483924],[119.3953477,32.3483275],[119.3953892,32.3483055],[119.395417,32.3482961],[119.395441,32.3482998],[119.3954593,32.348313],[119.3954676,32.3483297],[119.3954749,32.3483603],[119.3954869,32.3483765],[119.3955013,32.3483879],[119.3955216,32.3483927],[119.3955491,32.3483917],[119.3955749,32.3483847],[119.3955931,32.3483749],[119.3956127,32.3483527],[119.3956381,32.348337],[119.3956657,32.348324],[119.3957033,32.3483191],[119.3957844,32.3483112]]}},{"type":"Feature","id":"way/1032915244","properties":{"highway":"service","source":"OpenStreetMap","osm_id":"way/1032915244","kind":"road"},"geometry":{"type":"LineString","coordinates":[[119.3902574,32.3430566],[119.3904779,32.3426646]]}},{"type":"Feature","id":"way/1032915245","properties":{"highway":"service","covered":"yes","source":"OpenStreetMap","osm_id":"way/1032915245","kind":"road"},"geometry":{"type":"LineString","coordinates":[[119.3904779,32.3426646],[119.3905236,32.3425834]]}},{"type":"Feature","id":"way/1032915248","properties":{"highway":"footway","source":"OpenStreetMap","osm_id":"way/1032915248","kind":"road"},"geometry":{"type":"LineString","coordinates":[[119.3921033,32.3456998],[119.3922184,32.3456736],[119.3923265,32.3456266],[119.3924093,32.3455638],[119.3924314,32.3455302],[119.3924456,32.3454875],[119.3924754,32.3454361],[119.3925028,32.3454059],[119.3925287,32.3453829],[119.3925866,32.3453485]]}},{"type":"Feature","id":"way/1032915249","properties":{"highway":"footway","source":"OpenStreetMap","osm_id":"way/1032915249","kind":"road"},"geometry":{"type":"LineString","coordinates":[[119.3925866,32.3453485],[119.3926079,32.3453029],[119.3926226,32.3452691],[119.3926402,32.3452303]]}},{"type":"Feature","id":"way/1032915251","properties":{"natural":"scrub","source":"OpenStreetMap","osm_id":"way/1032915251","kind":"green"},"geometry":{"type":"Polygon","coordinates":[[[119.3919914,32.3453067],[119.3919386,32.3453026],[119.3918982,32.3452869],[119.3918842,32.3452608],[119.3918953,32.3452155],[119.3919189,32.3451994],[119.3919506,32.3451888],[119.3919831,32.3451909],[119.3920141,32.3452006],[119.392031,32.3452132],[119.3920373,32.3452329],[119.3920382,32.345266],[119.3920191,32.3452878],[119.3919914,32.3453067]]]}},{"type":"Feature","id":"way/1032915252","properties":{"natural":"tree_row","source":"OpenStreetMap","osm_id":"way/1032915252","kind":"trees"},"geometry":{"type":"LineString","coordinates":[[119.3911837,32.3453967],[119.3904178,32.3453089]]}},{"type":"Feature","id":"way/1032915253","properties":{"natural":"tree_row","source":"OpenStreetMap","osm_id":"way/1032915253","kind":"trees"},"geometry":{"type":"LineString","coordinates":[[119.390183,32.3451753],[119.3888688,32.3450432]]}},{"type":"Feature","id":"way/1032915254","properties":{"natural":"tree_row","source":"OpenStreetMap","osm_id":"way/1032915254","kind":"trees"},"geometry":{"type":"LineString","coordinates":[[119.3905156,32.3426942],[119.3903265,32.3430398],[119.3914135,32.3433816],[119.3915291,32.3433942]]}},{"type":"Feature","id":"way/1032915255","properties":{"leisure":"garden","source":"OpenStreetMap","osm_id":"way/1032915255","kind":"green"},"geometry":{"type":"Polygon","coordinates":[[[119.3915291,32.3433942],[119.3915456,32.3433231],[119.3915565,32.3431936],[119.3915572,32.3431864],[119.3914658,32.3431635],[119.3914348,32.3431478],[119.3913676,32.3430992],[119.3913127,32.3430852],[119.3912646,32.3430801],[119.3909502,32.3429638],[119.3906281,32.3428446],[119.3906764,32.3427514],[119.3905156,32.3426942],[119.3903265,32.3430398],[119.3914135,32.3433816],[119.3915291,32.3433942]]]}},{"type":"Feature","id":"way/1032915256","properties":{"leisure":"garden","source":"OpenStreetMap","osm_id":"way/1032915256","kind":"green"},"geometry":{"type":"Polygon","coordinates":[[[119.3911227,32.3424682],[119.3912891,32.3425299],[119.3913407,32.3424299],[119.3914327,32.3424638],[119.3915018,32.3424893],[119.3915621,32.3425115],[119.3915828,32.342473],[119.3917125,32.342523],[119.3918783,32.3421997],[119.3916719,32.3421234],[119.3916269,32.3421063],[119.3916626,32.3420317],[119.3913981,32.3419313],[119.3913547,32.3420246],[119.3911227,32.3424682]]]}},{"type":"Feature","id":"way/1032915257","properties":{"leisure":"garden","source":"OpenStreetMap","osm_id":"way/1032915257","kind":"green"},"geometry":{"type":"Polygon","coordinates":[[[119.3917295,32.3418628],[119.3917616,32.3418138],[119.3918,32.3417751],[119.3919608,32.3416519],[119.3919742,32.3416454],[119.3919853,32.3416431],[119.3919945,32.3416447],[119.392002,32.3416485],[119.3920047,32.3416546],[119.3920049,32.3416619],[119.3918902,32.3418726],[119.3918723,32.341866],[119.3918512,32.3419083],[119.3917295,32.3418628]]]}},{"type":"Feature","id":"way/1032915258","properties":{"landuse":"grass","source":"OpenStreetMap","osm_id":"way/1032915258","kind":"green"},"geometry":{"type":"Polygon","coordinates":[[[119.3922075,32.3414943],[119.3923133,32.3412831],[119.3923261,32.3412705],[119.392352,32.3412693],[119.3923709,32.3412737],[119.3924172,32.3412944],[119.3924221,32.3413061],[119.3924125,32.3413258],[119.3923115,32.3415194],[119.3922995,32.3415298],[119.3922795,32.34153],[119.3922177,32.341508],[119.3922075,32.3414943]]]}},{"type":"Feature","id":"way/1032915259","properties":{"leisure":"garden","source":"OpenStreetMap","osm_id":"way/1032915259","kind":"green"},"geometry":{"type":"Polygon","coordinates":[[[119.3926836,32.3409877],[119.3926933,32.3410376],[119.3926837,32.3410875],[119.3926559,32.3411322],[119.3926128,32.3411673],[119.3925587,32.3411889],[119.3924993,32.341195],[119.392438,32.341184],[119.3923844,32.3411564],[119.3923447,32.3411153],[119.3923234,32.3410655],[119.3923228,32.3410125],[119.3923431,32.3409623],[119.392382,32.3409207],[119.392435,32.3408923],[119.3924962,32.3408804],[119.3925585,32.3408863],[119.3926126,32.3409079],[119.3926558,32.3409429],[119.3926836,32.3409877]]]}},{"type":"Feature","id":"way/1032917503","properties":{"landuse":"grass","source":"OpenStreetMap","osm_id":"way/1032917503","kind":"green"},"geometry":{"type":"Polygon","coordinates":[[[119.3950473,32.3467977],[119.3961228,32.3469392],[119.3961786,32.346636],[119.3951031,32.3464947],[119.3950473,32.3467977]]]}},{"type":"Feature","id":"way/1032917504","properties":{"landuse":"grass","source":"OpenStreetMap","osm_id":"way/1032917504","kind":"green"},"geometry":{"type":"Polygon","coordinates":[[[119.3948628,32.3468769],[119.3949129,32.3465803],[119.3942653,32.3464948],[119.3942628,32.3465299],[119.3942133,32.34679],[119.3948628,32.3468769]]]}},{"type":"Feature","id":"way/1032917505","properties":{"highway":"footway","source":"OpenStreetMap","osm_id":"way/1032917505","kind":"road"},"geometry":{"type":"LineString","coordinates":[[119.3949155,32.3465365],[119.3948628,32.3468769]]}},{"type":"Feature","id":"way/1032917506","properties":{"building":"yes","source":"OpenStreetMap","osm_id":"way/1032917506","kind":"building"},"geometry":{"type":"Polygon","coordinates":[[[119.3940311,32.349214],[119.3941497,32.3492304],[119.3941443,32.3492585],[119.3940257,32.3492421],[119.3940311,32.349214]]]}},{"type":"Feature","id":"way/1032917507","properties":{"building":"yes","source":"OpenStreetMap","osm_id":"way/1032917507","kind":"building"},"geometry":{"type":"Polygon","coordinates":[[[119.3941856,32.3492393],[119.3942515,32.3492464],[119.3942478,32.3492706],[119.394182,32.3492636],[119.3941856,32.3492393]]]}},{"type":"Feature","id":"way/1032917508","properties":{"building":"yes","source":"OpenStreetMap","osm_id":"way/1032917508","kind":"building"},"geometry":{"type":"Polygon","coordinates":[[[119.394346,32.3493363],[119.3945369,32.349364],[119.3945308,32.3493942],[119.3943399,32.3493665],[119.394346,32.3493363]]]}},{"type":"Feature","id":"way/1032917509","properties":{"building":"yes","source":"OpenStreetMap","osm_id":"way/1032917509","kind":"building"},"geometry":{"type":"Polygon","coordinates":[[[119.3945627,32.3493672],[119.3947032,32.3493857],[119.3946968,32.3494201],[119.3945564,32.3494016],[119.3945627,32.3493672]]]}},{"type":"Feature","id":"way/1032917510","properties":{"highway":"footway","source":"OpenStreetMap","osm_id":"way/1032917510","kind":"road"},"geometry":{"type":"LineString","coordinates":[[119.3960594,32.3491878],[119.3960505,32.3492317],[119.3960587,32.3492504],[119.3960768,32.3492624],[119.3964035,32.3493068],[119.3964514,32.3493161],[119.3964889,32.3493401],[119.3965095,32.3493762],[119.3965362,32.3494276]]}},{"type":"Feature","id":"way/1032917511","properties":{"highway":"footway","source":"OpenStreetMap","osm_id":"way/1032917511","kind":"road"},"geometry":{"type":"LineString","coordinates":[[119.3966213,32.3492663],[119.396596,32.3493046],[119.3965769,32.3493391],[119.3965566,32.3493831],[119.3965362,32.3494276],[119.3965245,32.3494633]]}},{"type":"Feature","id":"way/1032917512","properties":{"highway":"footway","source":"OpenStreetMap","osm_id":"way/1032917512","kind":"road"},"geometry":{"type":"LineString","coordinates":[[119.3903143,32.346182],[119.3905063,32.3462043],[119.3908939,32.3462493],[119.3912662,32.3462926],[119.3916688,32.3463393],[119.3920537,32.346384],[119.3921661,32.3463971]]}},{"type":"Feature","id":"way/1032917513","properties":{"highway":"footway","source":"OpenStreetMap","osm_id":"way/1032917513","kind":"road"},"geometry":{"type":"LineString","coordinates":[[119.3902887,32.3463383],[119.3904796,32.3463604],[119.3908675,32.3464054],[119.3912405,32.3464487],[119.3916416,32.3464966],[119.392023,32.3465423],[119.392133,32.3465554]]}},{"type":"Feature","id":"way/1032917514","properties":{"highway":"service","service":"parking_aisle","source":"OpenStreetMap","osm_id":"way/1032917514","kind":"road"},"geometry":{"type":"LineString","coordinates":[[119.3973937,32.3412125],[119.3974612,32.3408076]]}},{"type":"Feature","id":"way/1032944864","properties":{"highway":"footway","source":"OpenStreetMap","osm_id":"way/1032944864","kind":"road"},"geometry":{"type":"LineString","coordinates":[[119.3888872,32.3447941],[119.3888575,32.3450124],[119.3888413,32.3451318],[119.3888396,32.3451445],[119.3888455,32.3451591],[119.3888737,32.3451657],[119.3889378,32.3451719]]}},{"type":"Feature","id":"way/1032944865","properties":{"highway":"footway","source":"OpenStreetMap","osm_id":"way/1032944865","kind":"road"},"geometry":{"type":"LineString","coordinates":[[119.3908675,32.3464054],[119.3908939,32.3462493]]}},{"type":"Feature","id":"way/1032944866","properties":{"highway":"footway","source":"OpenStreetMap","osm_id":"way/1032944866","kind":"road"},"geometry":{"type":"LineString","coordinates":[[119.3904796,32.3463604],[119.3905063,32.3462043]]}},{"type":"Feature","id":"way/1032944867","properties":{"highway":"footway","source":"OpenStreetMap","osm_id":"way/1032944867","kind":"road"},"geometry":{"type":"LineString","coordinates":[[119.3916416,32.3464966],[119.3916688,32.3463393]]}},{"type":"Feature","id":"way/1032944868","properties":{"highway":"footway","source":"OpenStreetMap","osm_id":"way/1032944868","kind":"road"},"geometry":{"type":"LineString","coordinates":[[119.392023,32.3465423],[119.3920537,32.346384]]}},{"type":"Feature","id":"way/1032944869","properties":{"leisure":"garden","source":"OpenStreetMap","osm_id":"way/1032944869","kind":"green"},"geometry":{"type":"Polygon","coordinates":[[[119.3910703,32.3446027],[119.3911415,32.3445253],[119.3912082,32.3445693],[119.3913129,32.3446489],[119.3914136,32.3447454],[119.3913749,32.3447929],[119.3913178,32.3448225],[119.3912769,32.3447606],[119.3912287,32.3447066],[119.3911564,32.3446496],[119.3910703,32.3446027]]]}},{"type":"Feature","id":"way/1032944870","properties":{"highway":"footway","source":"OpenStreetMap","osm_id":"way/1032944870","kind":"road"},"geometry":{"type":"LineString","coordinates":[[119.3911193,32.344465],[119.391097,32.3445009],[119.3910447,32.344585]]}},{"type":"Feature","id":"way/1032944872","properties":{"highway":"footway","source":"OpenStreetMap","osm_id":"way/1032944872","kind":"road"},"geometry":{"type":"LineString","coordinates":[[119.3900744,32.3443376],[119.3901289,32.3443873],[119.390165,32.3444124],[119.3901867,32.3444198],[119.3902095,32.3444235],[119.3903849,32.3444409]]}},{"type":"Feature","id":"way/1032944873","properties":{"leisure":"garden","source":"OpenStreetMap","osm_id":"way/1032944873","kind":"green"},"geometry":{"type":"Polygon","coordinates":[[[119.3901459,32.3443653],[119.390345,32.344228],[119.3903256,32.3444091],[119.3902609,32.3444021],[119.3902073,32.3443903],[119.3901459,32.3443653]]]}},{"type":"Feature","id":"way/1032944874","properties":{"leisure":"garden","source":"OpenStreetMap","osm_id":"way/1032944874","kind":"green"},"geometry":{"type":"Polygon","coordinates":[[[119.3894328,32.3443072],[119.3898246,32.3443456],[119.3898551,32.344355],[119.3898696,32.3443729],[119.3898656,32.3444028],[119.3898364,32.3444245],[119.3897948,32.3444393],[119.3897317,32.3444527],[119.3896643,32.3444527],[119.3895391,32.3444413],[119.3894866,32.344429],[119.3894583,32.3444168],[119.3894394,32.3443917],[119.3894257,32.3443578],[119.3894328,32.3443072]]]}},{"type":"Feature","id":"way/1032944875","properties":{"highway":"footway","source":"OpenStreetMap","osm_id":"way/1032944875","kind":"road"},"geometry":{"type":"LineString","coordinates":[[119.3900744,32.3443376],[119.3898902,32.3444667],[119.3898483,32.3444744],[119.3894056,32.3444349],[119.3893846,32.344425],[119.3893714,32.3444097],[119.389204,32.344204]]}},{"type":"Feature","id":"way/1032944876","properties":{"highway":"footway","source":"OpenStreetMap","osm_id":"way/1032944876","kind":"road"},"geometry":{"type":"LineString","coordinates":[[119.3893376,32.343566],[119.3894086,32.3434806],[119.3894606,32.3434473],[119.3895094,32.3434373],[119.3899998,32.3434834],[119.3900524,32.3435151],[119.390111,32.3435964],[119.3901328,32.3436585]]}},{"type":"Feature","id":"way/1032944881","properties":{"highway":"footway","source":"OpenStreetMap","osm_id":"way/1032944881","kind":"road"},"geometry":{"type":"LineString","coordinates":[[119.3975171,32.3438441],[119.3975177,32.343832],[119.3975694,32.3435437],[119.3975676,32.343533],[119.3975644,32.3435256],[119.3975566,32.343515],[119.3974381,32.3434638],[119.3973682,32.34343],[119.397349,32.3434171]]}},{"type":"Feature","id":"way/1032944882","properties":{"highway":"footway","covered":"yes","source":"OpenStreetMap","osm_id":"way/1032944882","kind":"road"},"geometry":{"type":"LineString","coordinates":[[119.3977942,32.3439095],[119.3975321,32.3438793],[119.3975265,32.3438746],[119.3975231,32.3438688],[119.3975208,32.3438623],[119.3975194,32.3438555],[119.3975171,32.3438441]]}},{"type":"Feature","id":"way/1032944883","properties":{"highway":"footway","source":"OpenStreetMap","osm_id":"way/1032944883","kind":"road"},"geometry":{"type":"LineString","coordinates":[[119.3903626,32.3417543],[119.3903999,32.3418397],[119.3904213,32.3418794],[119.3904485,32.3419149],[119.3904706,32.3419362],[119.3904954,32.341952],[119.3905275,32.3419664],[119.390556,32.3419751],[119.3906012,32.341979],[119.3906434,32.3419774],[119.3906978,32.3419635],[119.3907195,32.3419533],[119.3907375,32.3419399],[119.3907492,32.3419282],[119.390761,32.3418809],[119.3907758,32.3418395],[119.3908003,32.3417966],[119.3908379,32.341744],[119.3908784,32.3417011],[119.3909234,32.3416611],[119.3909614,32.34163],[119.3909877,32.3416142]]}},{"type":"Feature","id":"way/1032944890","properties":{"leisure":"pitch","sport":"baseball","source":"OpenStreetMap","osm_id":"way/1032944890","kind":"pitch"},"geometry":{"type":"Polygon","coordinates":[[[119.3940659,32.3436985],[119.3940797,32.3436696],[119.3941025,32.3436314],[119.3941485,32.3435734],[119.3943519,32.3437338],[119.3940659,32.3436985]]]}},{"type":"Feature","id":"way/1032944891","properties":{"leisure":"pitch","sport":"baseball","source":"OpenStreetMap","osm_id":"way/1032944891","kind":"pitch"},"geometry":{"type":"Polygon","coordinates":[[[119.3940284,32.3436937],[119.3940311,32.34366],[119.394029,32.343629],[119.3940238,32.3435986],[119.3940109,32.3435578],[119.3937595,32.34366],[119.3940284,32.3436937]]]}},{"type":"Feature","id":"way/1032944892","properties":{"leisure":"pitch","sport":"basketball","source":"OpenStreetMap","osm_id":"way/1032944892","kind":"pitch"},"geometry":{"type":"Polygon","coordinates":[[[119.3931649,32.346958],[119.3932165,32.346682],[119.3930375,32.3466581],[119.3929858,32.346934],[119.3931649,32.346958]]]}},{"type":"Feature","id":"way/1032944893","properties":{"leisure":"pitch","sport":"basketball","source":"OpenStreetMap","osm_id":"way/1032944893","kind":"pitch"},"geometry":{"type":"Polygon","coordinates":[[[119.3929829,32.3469319],[119.3930346,32.346656],[119.3928555,32.346632],[119.3928038,32.346908],[119.3929829,32.3469319]]]}},{"type":"Feature","id":"way/1032944894","properties":{"leisure":"pitch","sport":"basketball","source":"OpenStreetMap","osm_id":"way/1032944894","kind":"pitch"},"geometry":{"type":"Polygon","coordinates":[[[119.392802,32.3469077],[119.3928536,32.3466317],[119.3926745,32.3466078],[119.3926228,32.3468837],[119.392802,32.3469077]]]}},{"type":"Feature","id":"way/1032944895","properties":{"leisure":"pitch","sport":"basketball","source":"OpenStreetMap","osm_id":"way/1032944895","kind":"pitch"},"geometry":{"type":"Polygon","coordinates":[[[119.3933809,32.3469874],[119.3934326,32.3467115],[119.3932535,32.3466875],[119.3932018,32.3469635],[119.3933809,32.3469874]]]}},{"type":"Feature","id":"way/1032944896","properties":{"leisure":"pitch","sport":"basketball","source":"OpenStreetMap","osm_id":"way/1032944896","kind":"pitch"},"geometry":{"type":"Polygon","coordinates":[[[119.3935619,32.3470116],[119.3936135,32.3467356],[119.3934344,32.3467118],[119.3933827,32.3469877],[119.3935619,32.3470116]]]}},{"type":"Feature","id":"way/1032944897","properties":{"leisure":"pitch","sport":"basketball","source":"OpenStreetMap","osm_id":"way/1032944897","kind":"pitch"},"geometry":{"type":"Polygon","coordinates":[[[119.3937437,32.3470376],[119.3937954,32.3467617],[119.3936163,32.3467377],[119.3935646,32.3470137],[119.3937437,32.3470376]]]}},{"type":"Feature","id":"way/1032944898","properties":{"leisure":"pitch","sport":"basketball","source":"OpenStreetMap","osm_id":"way/1032944898","kind":"pitch"},"geometry":{"type":"Polygon","coordinates":[[[119.3928543,32.3466302],[119.392906,32.3463543],[119.3927269,32.3463303],[119.3926752,32.3466063],[119.3928543,32.3466302]]]}},{"type":"Feature","id":"way/1032944899","properties":{"leisure":"pitch","sport":"basketball","source":"OpenStreetMap","osm_id":"way/1032944899","kind":"pitch"},"geometry":{"type":"Polygon","coordinates":[[[119.3930353,32.3466545],[119.3930869,32.3463785],[119.3929079,32.3463546],[119.3928562,32.3466305],[119.3930353,32.3466545]]]}},{"type":"Feature","id":"way/1032944900","properties":{"leisure":"pitch","sport":"basketball","source":"OpenStreetMap","osm_id":"way/1032944900","kind":"pitch"},"geometry":{"type":"Polygon","coordinates":[[[119.3932172,32.3466804],[119.3932688,32.3464045],[119.3930897,32.3463806],[119.393038,32.3466566],[119.3932172,32.3466804]]]}},{"type":"Feature","id":"way/1032944901","properties":{"leisure":"pitch","sport":"basketball","source":"OpenStreetMap","osm_id":"way/1032944901","kind":"pitch"},"geometry":{"type":"Polygon","coordinates":[[[119.393435,32.3467085],[119.3934867,32.3464325],[119.3933076,32.3464085],[119.3932559,32.3466845],[119.393435,32.3467085]]]}},{"type":"Feature","id":"way/1032944902","properties":{"leisure":"pitch","sport":"basketball","source":"OpenStreetMap","osm_id":"way/1032944902","kind":"pitch"},"geometry":{"type":"Polygon","coordinates":[[[119.393616,32.3467327],[119.3936676,32.3464568],[119.3934885,32.3464328],[119.3934368,32.3467087],[119.393616,32.3467327]]]}},{"type":"Feature","id":"way/1032944903","properties":{"leisure":"pitch","sport":"basketball","source":"OpenStreetMap","osm_id":"way/1032944903","kind":"pitch"},"geometry":{"type":"Polygon","coordinates":[[[119.3937978,32.3467587],[119.3938495,32.3464827],[119.3936704,32.3464587],[119.3936187,32.3467347],[119.3937978,32.3467587]]]}},{"type":"Feature","id":"way/1032944904","properties":{"leisure":"pitch","sport":"basketball","source":"OpenStreetMap","osm_id":"way/1032944904","kind":"pitch"},"geometry":{"type":"Polygon","coordinates":[[[119.3939505,32.3470646],[119.3940022,32.3467886],[119.3938231,32.3467647],[119.3937714,32.3470407],[119.3939505,32.3470646]]]}},{"type":"Feature","id":"way/1032944905","properties":{"leisure":"pitch","sport":"basketball","source":"OpenStreetMap","osm_id":"way/1032944905","kind":"pitch"},"geometry":{"type":"Polygon","coordinates":[[[119.3941324,32.3470906],[119.3941841,32.3468147],[119.394005,32.3467907],[119.3939533,32.3470667],[119.3941324,32.3470906]]]}},{"type":"Feature","id":"way/1032944906","properties":{"leisure":"pitch","sport":"basketball","source":"OpenStreetMap","osm_id":"way/1032944906","kind":"pitch"},"geometry":{"type":"Polygon","coordinates":[[[119.3940045,32.3467856],[119.3940562,32.3465096],[119.3938771,32.3464858],[119.3938254,32.3467617],[119.3940045,32.3467856]]]}},{"type":"Feature","id":"way/1032944907","properties":{"leisure":"pitch","sport":"basketball","source":"OpenStreetMap","osm_id":"way/1032944907","kind":"pitch"},"geometry":{"type":"Polygon","coordinates":[[[119.3941865,32.3468116],[119.3942382,32.3465357],[119.3940591,32.3465117],[119.3940074,32.3467877],[119.3941865,32.3468116]]]}},{"type":"Feature","id":"way/1032944908","properties":{"leisure":"pitch","sport":"tennis","source":"OpenStreetMap","osm_id":"way/1032944908","kind":"pitch"},"geometry":{"type":"Polygon","coordinates":[[[119.3942041,32.3470402],[119.3942337,32.3468755],[119.3943381,32.3468889],[119.3943085,32.3470536],[119.3942041,32.3470402]]]}},{"type":"Feature","id":"way/1032944909","properties":{"leisure":"pitch","sport":"tennis","source":"OpenStreetMap","osm_id":"way/1032944909","kind":"pitch"},"geometry":{"type":"Polygon","coordinates":[[[119.394357,32.3470595],[119.3943866,32.3468948],[119.394491,32.3469082],[119.3944614,32.3470729],[119.394357,32.3470595]]]}},{"type":"Feature","id":"way/1032944910","properties":{"leisure":"pitch","sport":"tennis","source":"OpenStreetMap","osm_id":"way/1032944910","kind":"pitch"},"geometry":{"type":"Polygon","coordinates":[[[119.3945245,32.347078],[119.3945541,32.3469134],[119.3946585,32.3469268],[119.3946289,32.3470914],[119.3945245,32.347078]]]}},{"type":"Feature","id":"way/1032944911","properties":{"leisure":"pitch","sport":"tennis","source":"OpenStreetMap","osm_id":"way/1032944911","kind":"pitch"},"geometry":{"type":"Polygon","coordinates":[[[119.3946872,32.3470992],[119.3947168,32.3469346],[119.3948212,32.346948],[119.3947916,32.3471126],[119.3946872,32.3470992]]]}},{"type":"Feature","id":"way/1032944912","properties":{"leisure":"pitch","sport":"volleyball","source":"OpenStreetMap","osm_id":"way/1032944912","kind":"pitch"},"geometry":{"type":"Polygon","coordinates":[[[119.3929734,32.3469903],[119.3929309,32.3472112],[119.3928041,32.3471938],[119.3928467,32.3469729],[119.3929734,32.3469903]]]}},{"type":"Feature","id":"way/1032944913","properties":{"leisure":"pitch","sport":"volleyball","source":"OpenStreetMap","osm_id":"way/1032944913","kind":"pitch"},"geometry":{"type":"Polygon","coordinates":[[[119.392771,32.3469592],[119.3927285,32.3471802],[119.3926017,32.3471627],[119.3926443,32.3469418],[119.392771,32.3469592]]]}},{"type":"Feature","id":"way/1032944914","properties":{"leisure":"pitch","sport":"volleyball","source":"OpenStreetMap","osm_id":"way/1032944914","kind":"pitch"},"geometry":{"type":"Polygon","coordinates":[[[119.3933587,32.3470368],[119.3933162,32.3472578],[119.3931894,32.3472404],[119.393232,32.3470194],[119.3933587,32.3470368]]]}},{"type":"Feature","id":"way/1032944915","properties":{"leisure":"pitch","sport":"volleyball","source":"OpenStreetMap","osm_id":"way/1032944915","kind":"pitch"},"geometry":{"type":"Polygon","coordinates":[[[119.3931603,32.3470165],[119.3931178,32.3472374],[119.3929911,32.34722],[119.3930336,32.3469991],[119.3931603,32.3470165]]]}},{"type":"Feature","id":"way/1032944916","properties":{"leisure":"pitch","sport":"volleyball","source":"OpenStreetMap","osm_id":"way/1032944916","kind":"pitch"},"geometry":{"type":"Polygon","coordinates":[[[119.3937673,32.3470854],[119.3937248,32.3473064],[119.3935981,32.347289],[119.3936406,32.347068],[119.3937673,32.3470854]]]}},{"type":"Feature","id":"way/1032944917","properties":{"leisure":"pitch","sport":"volleyball","source":"OpenStreetMap","osm_id":"way/1032944917","kind":"pitch"},"geometry":{"type":"Polygon","coordinates":[[[119.3935615,32.3470621],[119.393519,32.347283],[119.3933923,32.3472656],[119.3934348,32.3470446],[119.3935615,32.3470621]]]}},{"type":"Feature","id":"way/1032944918","properties":{"leisure":"pitch","sport":"volleyball","source":"OpenStreetMap","osm_id":"way/1032944918","kind":"pitch"},"geometry":{"type":"Polygon","coordinates":[[[119.3941622,32.3471399],[119.3941197,32.3473608],[119.3939929,32.3473434],[119.3940355,32.3471225],[119.3941622,32.3471399]]]}},{"type":"Feature","id":"way/1032944919","properties":{"leisure":"pitch","sport":"volleyball","source":"OpenStreetMap","osm_id":"way/1032944919","kind":"pitch"},"geometry":{"type":"Polygon","coordinates":[[[119.3939671,32.3471125],[119.3939246,32.3473335],[119.3937978,32.347316],[119.3938404,32.3470951],[119.3939671,32.3471125]]]}},{"type":"Feature","id":"way/1032944920","properties":{"leisure":"pitch","sport":"volleyball","source":"OpenStreetMap","osm_id":"way/1032944920","kind":"pitch"},"geometry":{"type":"Polygon","coordinates":[[[119.394562,32.3471892],[119.3945195,32.3474101],[119.3943927,32.3473927],[119.3944353,32.3471718],[119.394562,32.3471892]]]}},{"type":"Feature","id":"way/1032944921","properties":{"leisure":"pitch","sport":"volleyball","source":"OpenStreetMap","osm_id":"way/1032944921","kind":"pitch"},"geometry":{"type":"Polygon","coordinates":[[[119.3943492,32.3471676],[119.3943067,32.3473886],[119.3941799,32.3473711],[119.3942225,32.3471502],[119.3943492,32.3471676]]]}},{"type":"Feature","id":"way/1032944922","properties":{"leisure":"pitch","sport":"volleyball","source":"OpenStreetMap","osm_id":"way/1032944922","kind":"pitch"},"geometry":{"type":"Polygon","coordinates":[[[119.3947662,32.3472188],[119.3947237,32.3474397],[119.3945969,32.3474223],[119.3946395,32.3472013],[119.3947662,32.3472188]]]}},{"type":"Feature","id":"way/1032944923","properties":{"highway":"footway","source":"OpenStreetMap","osm_id":"way/1032944923","kind":"road"},"geometry":{"type":"LineString","coordinates":[[119.3934926,32.3474167],[119.3935079,32.3474727],[119.3935251,32.3474967],[119.3935497,32.3475188],[119.3935771,32.3475307],[119.3936198,32.3475394],[119.3936615,32.3475357],[119.3937032,32.3475221],[119.3937341,32.3475027],[119.3937756,32.3474532]]}},{"type":"Feature","id":"way/1032944924","properties":{"highway":"footway","source":"OpenStreetMap","osm_id":"way/1032944924","kind":"road"},"geometry":{"type":"LineString","coordinates":[[119.3889496,32.3438651],[119.3889566,32.3436777],[119.3889621,32.3435784],[119.3889702,32.3434886],[119.3889796,32.3434116],[119.3889809,32.3433202],[119.3889957,32.3432514],[119.3890262,32.343131],[119.3890539,32.3430643],[119.389062,32.3429874],[119.3890586,32.3429336],[119.3890491,32.342882],[119.3890344,32.3428317],[119.3890346,32.34277],[119.3890408,32.3427125],[119.3890542,32.3426336],[119.3890835,32.3425444],[119.3891413,32.3424394],[119.389231,32.3423654],[119.3892876,32.3423192],[119.3894089,32.342263]]}},{"type":"Feature","id":"way/1032944925","properties":{"building":"yes","source":"OpenStreetMap","osm_id":"way/1032944925","kind":"building"},"geometry":{"type":"Polygon","coordinates":[[[119.3897906,32.3405316],[119.3897905,32.3406159],[119.3895686,32.3406157],[119.3895687,32.3405314],[119.3897906,32.3405316]]]}},{"type":"Feature","id":"way/1032944926","properties":{"building":"yes","source":"OpenStreetMap","osm_id":"way/1032944926","kind":"building"},"geometry":{"type":"Polygon","coordinates":[[[119.3896338,32.3404936],[119.3896361,32.3403739],[119.3895525,32.3403728],[119.3895503,32.3404924],[119.3896338,32.3404936]]]}},{"type":"Feature","id":"way/1032944927","properties":{"building":"yes","source":"OpenStreetMap","osm_id":"way/1032944927","kind":"building"},"geometry":{"type":"Polygon","coordinates":[[[119.3897582,32.3404496],[119.3897956,32.3404501],[119.3897951,32.3404763],[119.38983,32.3404768],[119.3898321,32.3403727],[119.3897598,32.3403717],[119.3897582,32.3404496]]]}},{"type":"Feature","id":"way/1032944932","properties":{"building":"yes","amenity":"shelter","shelter_type":"gazebo","source":"OpenStreetMap","osm_id":"way/1032944932","kind":"building"},"geometry":{"type":"Polygon","coordinates":[[[119.3907492,32.3411323],[119.3907703,32.3411095],[119.3908204,32.3411343],[119.3908626,32.3411401],[119.3909171,32.3411327],[119.3909668,32.3411174],[119.3910028,32.341092],[119.3910232,32.3410664],[119.3910396,32.3410397],[119.3910507,32.3410043],[119.3910496,32.3409697],[119.3910405,32.3409493],[119.3910732,32.3409332],[119.3910876,32.3409603],[119.3910913,32.3410041],[119.3910799,32.3410442],[119.3910659,32.3410724],[119.3910433,32.3411023],[119.3910102,32.341129],[119.3909688,32.3411516],[119.3909241,32.3411636],[119.3908847,32.3411696],[119.3908361,32.3411687],[119.3907849,32.3411541],[119.3907492,32.3411323]]]}},{"type":"Feature","id":"way/1032944934","properties":{"leisure":"garden","source":"OpenStreetMap","osm_id":"way/1032944934","kind":"green"},"geometry":{"type":"Polygon","coordinates":[[[119.3890664,32.3439365],[119.3902314,32.3440571],[119.3902825,32.3440787],[119.3903092,32.3440984],[119.3903189,32.3441171],[119.3903136,32.3441435],[119.3900945,32.344297],[119.3900493,32.3443102],[119.3892817,32.3442241],[119.389257,32.3442103],[119.3892084,32.3441615],[119.389059,32.3439888],[119.3890474,32.3439654],[119.3890488,32.3439508],[119.3890664,32.3439365]]]}},{"type":"Feature","id":"way/1032944935","properties":{"leisure":"garden","source":"OpenStreetMap","osm_id":"way/1032944935","kind":"green"},"geometry":{"type":"Polygon","coordinates":[[[119.3890545,32.3438312],[119.3902086,32.3439565],[119.3902369,32.3439462],[119.3902625,32.3439268],[119.3902833,32.3439024],[119.390287,32.3438724],[119.3902788,32.3438404],[119.3901077,32.3436764],[119.3900562,32.3436336],[119.3900121,32.3436212],[119.389407,32.3435691],[119.3893667,32.3435762],[119.3893411,32.3435914],[119.3890598,32.343784],[119.3890466,32.3438011],[119.3890463,32.3438166],[119.3890545,32.3438312]]]}},{"type":"Feature","id":"way/1032944936","properties":{"leisure":"garden","source":"OpenStreetMap","osm_id":"way/1032944936","kind":"green"},"geometry":{"type":"Polygon","coordinates":[[[119.3914206,32.3446044],[119.3912397,32.3444437],[119.3911864,32.3443995],[119.3911671,32.3443706],[119.391164,32.3443379],[119.3911715,32.3443072],[119.391187,32.344196],[119.3915897,32.3442337],[119.3915727,32.3443816],[119.3915557,32.3444277],[119.3915215,32.3444824],[119.3914607,32.3445703],[119.3914206,32.3446044]]]}},{"type":"Feature","id":"way/1032944937","properties":{"highway":"steps","source":"OpenStreetMap","osm_id":"way/1032944937","kind":"road"},"geometry":{"type":"LineString","coordinates":[[119.3909524,32.3443352],[119.3909703,32.3441872]]}},{"type":"Feature","id":"way/1032944938","properties":{"highway":"footway","source":"OpenStreetMap","osm_id":"way/1032944938","kind":"road"},"geometry":{"type":"LineString","coordinates":[[119.3909452,32.3443946],[119.3909504,32.344352],[119.3909524,32.3443352]]}},{"type":"Feature","id":"way/1032944939","properties":{"highway":"footway","source":"OpenStreetMap","osm_id":"way/1032944939","kind":"road"},"geometry":{"type":"LineString","coordinates":[[119.3916831,32.343969],[119.3916678,32.3440969]]}},{"type":"Feature","id":"way/1032944940","properties":{"highway":"footway","covered":"yes","source":"OpenStreetMap","osm_id":"way/1032944940","kind":"road"},"geometry":{"type":"LineString","coordinates":[[119.3916678,32.3440969],[119.3916601,32.344162]]}},{"type":"Feature","id":"way/1032944941","properties":{"building":"yes","source":"OpenStreetMap","osm_id":"way/1032944941","kind":"building"},"geometry":{"type":"Polygon","coordinates":[[[119.3914327,32.3424638],[119.3914457,32.3424384],[119.3914777,32.3424551],[119.3915145,32.3424617],[119.3915018,32.3424893],[119.3914327,32.3424638]]]}},{"type":"Feature","id":"way/1032944946","properties":{"highway":"footway","source":"OpenStreetMap","osm_id":"way/1032944946","kind":"road"},"geometry":{"type":"LineString","coordinates":[[119.3952864,32.3443267],[119.3953134,32.3441947]]}},{"type":"Feature","id":"way/1032944947","properties":{"highway":"footway","source":"OpenStreetMap","osm_id":"way/1032944947","kind":"road"},"geometry":{"type":"LineString","coordinates":[[119.3959049,32.3443915],[119.3959307,32.3442719]]}},{"type":"Feature","id":"way/1032944948","properties":{"highway":"footway","source":"OpenStreetMap","osm_id":"way/1032944948","kind":"road"},"geometry":{"type":"LineString","coordinates":[[119.3962115,32.3444446],[119.396239,32.3443104]]}},{"type":"Feature","id":"way/1032944949","properties":{"highway":"footway","source":"OpenStreetMap","osm_id":"way/1032944949","kind":"road"},"geometry":{"type":"LineString","coordinates":[[119.3964768,32.3446247],[119.3962858,32.344598]]}},{"type":"Feature","id":"way/1032944950","properties":{"highway":"footway","source":"OpenStreetMap","osm_id":"way/1032944950","kind":"road"},"geometry":{"type":"LineString","coordinates":[[119.3965996,32.3422175],[119.3966346,32.3420132]]}},{"type":"Feature","id":"way/1032944951","properties":{"highway":"footway","source":"OpenStreetMap","osm_id":"way/1032944951","kind":"road"},"geometry":{"type":"LineString","coordinates":[[119.3983756,32.3424559],[119.398409,32.3423044]]}},{"type":"Feature","id":"way/1032944952","properties":{"highway":"footway","source":"OpenStreetMap","osm_id":"way/1032944952","kind":"road"},"geometry":{"type":"LineString","coordinates":[[119.3987937,32.3425101],[119.3988284,32.3423423]]}},{"type":"Feature","id":"way/1032944953","properties":{"highway":"footway","source":"OpenStreetMap","osm_id":"way/1032944953","kind":"road"},"geometry":{"type":"LineString","coordinates":[[119.3996685,32.3435239],[119.3996921,32.3434097]]}},{"type":"Feature","id":"way/1032944955","properties":{"leisure":"garden","source":"OpenStreetMap","osm_id":"way/1032944955","kind":"green"},"geometry":{"type":"Polygon","coordinates":[[[119.3963928,32.3459125],[119.3964142,32.3457986],[119.3964323,32.3457818],[119.3964604,32.3457737],[119.3967478,32.3458091],[119.3967567,32.3458208],[119.3967147,32.3458826],[119.3966821,32.3459088],[119.3966248,32.345925],[119.3965705,32.3459317],[119.3965374,32.3459317],[119.3963928,32.3459125]]]}},{"type":"Feature","id":"way/1032944956","properties":{"leisure":"garden","source":"OpenStreetMap","osm_id":"way/1032944956","kind":"green"},"geometry":{"type":"Polygon","coordinates":[[[119.3970569,32.3458568],[119.3973211,32.3458873],[119.3973186,32.3459078],[119.3973057,32.3460111],[119.3971602,32.3459975],[119.3970966,32.34598],[119.3970533,32.3459557],[119.3970423,32.3459321],[119.3970326,32.3459029],[119.3970385,32.345874],[119.3970569,32.3458568]]]}},{"type":"Feature","id":"way/1032944957","properties":{"leisure":"garden","source":"OpenStreetMap","osm_id":"way/1032944957","kind":"green"},"geometry":{"type":"Polygon","coordinates":[[[119.3963709,32.3460342],[119.396338,32.3462087],[119.3972388,32.3463298],[119.3972678,32.3461534],[119.3971004,32.346131],[119.3970465,32.3461548],[119.3969771,32.3461932],[119.3968888,32.3462166],[119.3968232,32.3462099],[119.3967525,32.3461924],[119.3966877,32.3461522],[119.3966647,32.3461269],[119.3966267,32.3460705],[119.3963709,32.3460342]]]}},{"type":"Feature","id":"way/1032944958","properties":{"natural":"tree_row","source":"OpenStreetMap","osm_id":"way/1032944958","kind":"trees"},"geometry":{"type":"LineString","coordinates":[[119.3974832,32.3462966],[119.3975471,32.3459425],[119.3983238,32.3460409],[119.3983683,32.3460544],[119.3983908,32.3460768],[119.3984093,32.346117],[119.3984131,32.3461579],[119.3984079,32.3462135],[119.3983748,32.3464131],[119.3982207,32.3472122]]}},{"type":"Feature","id":"way/1032944959","properties":{"natural":"tree_row","source":"OpenStreetMap","osm_id":"way/1032944959","kind":"trees"},"geometry":{"type":"LineString","coordinates":[[119.3982076,32.3472788],[119.3980802,32.3479402]]}},{"type":"Feature","id":"way/1032944960","properties":{"natural":"tree_row","source":"OpenStreetMap","osm_id":"way/1032944960","kind":"trees"},"geometry":{"type":"Polygon","coordinates":[[[119.39833,32.3472163],[119.3985367,32.3461249],[119.3985573,32.3460908],[119.398599,32.346073],[119.3986408,32.3460689],[119.3997035,32.3462191],[119.399743,32.3462367],[119.3997747,32.346277],[119.3997878,32.346302],[119.399789,32.346396],[119.3997991,32.3465275],[119.3998183,32.3466073],[119.3998695,32.346721],[119.3999206,32.346847],[119.3999262,32.3469138],[119.3998473,32.3473872],[119.3998273,32.3474136],[119.399795,32.3474273],[119.3983263,32.3472357],[119.39833,32.3472163]]]}},{"type":"Feature","id":"way/1032944961","properties":{"natural":"tree_row","source":"OpenStreetMap","osm_id":"way/1032944961","kind":"trees"},"geometry":{"type":"LineString","coordinates":[[119.3972717,32.3457748],[119.398395,32.3459154]]}},{"type":"Feature","id":"way/1032944962","properties":{"natural":"tree_row","source":"OpenStreetMap","osm_id":"way/1032944962","kind":"trees"},"geometry":{"type":"LineString","coordinates":[[119.3984717,32.3459214],[119.3997018,32.3460875]]}},{"type":"Feature","id":"way/1032944963","properties":{"natural":"tree_row","source":"OpenStreetMap","osm_id":"way/1032944963","kind":"trees"},"geometry":{"type":"LineString","coordinates":[[119.3962403,32.3461785],[119.3963061,32.3457827],[119.3960729,32.3457502]]}},{"type":"Feature","id":"way/1032944964","properties":{"natural":"tree_row","source":"OpenStreetMap","osm_id":"way/1032944964","kind":"trees"},"geometry":{"type":"LineString","coordinates":[[119.3962176,32.3463956],[119.3961871,32.3465728]]}},{"type":"Feature","id":"way/1032944965","properties":{"natural":"tree_row","source":"OpenStreetMap","osm_id":"way/1032944965","kind":"trees"},"geometry":{"type":"LineString","coordinates":[[119.3961786,32.346636],[119.3961228,32.3469392]]}},{"type":"Feature","id":"way/1032944966","properties":{"natural":"tree_row","source":"OpenStreetMap","osm_id":"way/1032944966","kind":"trees"},"geometry":{"type":"LineString","coordinates":[[119.3933356,32.3452994],[119.3940959,32.3453976]]}},{"type":"Feature","id":"way/1032944967","properties":{"natural":"tree_row","source":"OpenStreetMap","osm_id":"way/1032944967","kind":"trees"},"geometry":{"type":"LineString","coordinates":[[119.394582,32.3454481],[119.3951077,32.3455864]]}},{"type":"Feature","id":"way/1032944969","properties":{"natural":"scrub","source":"OpenStreetMap","osm_id":"way/1032944969","kind":"green"},"geometry":{"type":"Polygon","coordinates":[[[119.3908831,32.3434978],[119.3908583,32.3434877],[119.3908398,32.343487],[119.3908318,32.3434966],[119.3908094,32.3435182],[119.3907884,32.3435242],[119.3907623,32.3435287],[119.3907496,32.3435227],[119.3907411,32.3434957],[119.390753,32.343479],[119.3907848,32.343467],[119.3908218,32.3434643],[119.3908678,32.3434604],[119.3909038,32.3434646],[119.3909204,32.3434709],[119.3909247,32.3434833],[119.3909129,32.3434965],[119.3908831,32.3434978]]]}},{"type":"Feature","id":"way/1032944970","properties":{"highway":"footway","source":"OpenStreetMap","osm_id":"way/1032944970","kind":"road"},"geometry":{"type":"LineString","coordinates":[[119.3973557,32.343372],[119.3973773,32.343242]]}},{"type":"Feature","id":"way/1032944971","properties":{"bridge":"yes","highway":"footway","layer":"1","source":"OpenStreetMap","osm_id":"way/1032944971","kind":"road"},"geometry":{"type":"LineString","coordinates":[[119.397349,32.3434171],[119.3973557,32.343372]]}},{"type":"Feature","id":"way/1032944973","properties":{"natural":"tree_row","source":"OpenStreetMap","osm_id":"way/1032944973","kind":"trees"},"geometry":{"type":"LineString","coordinates":[[119.3938966,32.3419114],[119.3939558,32.3419356],[119.3940079,32.3419477],[119.3940414,32.3419492],[119.3940895,32.3419435],[119.3944108,32.3418957],[119.3945515,32.3418833],[119.3946877,32.3418872],[119.3950085,32.3419164],[119.3952456,32.3419541],[119.3953384,32.3419882],[119.3953924,32.3420306],[119.3954357,32.3420865],[119.3954407,32.3421493],[119.3954378,32.3422077],[119.395418,32.3422472],[119.3954007,32.3422656],[119.3953842,32.3422956],[119.395363,32.3423324],[119.3953496,32.3423794],[119.3952921,32.3426689],[119.3952727,32.3427491],[119.3952568,32.3428081],[119.3952262,32.342878],[119.3951937,32.3429209],[119.3951542,32.3429691],[119.3949306,32.343178],[119.3949064,32.3431924],[119.3948796,32.343203],[119.3948293,32.3432129],[119.39479,32.3432113],[119.3941992,32.3431262],[119.3939989,32.3431072],[119.3931439,32.3430661],[119.3929698,32.3430517]]}},{"type":"Feature","id":"way/1032944974","properties":{"natural":"tree_row","source":"OpenStreetMap","osm_id":"way/1032944974","kind":"trees"},"geometry":{"type":"LineString","coordinates":[[119.3933135,32.3432356],[119.3936663,32.3432381],[119.3939968,32.343243],[119.394665,32.3433375]]}},{"type":"Feature","id":"way/1032944975","properties":{"natural":"tree_row","source":"OpenStreetMap","osm_id":"way/1032944975","kind":"trees"},"geometry":{"type":"LineString","coordinates":[[119.3939405,32.3417877],[119.3939771,32.3418181],[119.3940126,32.3418349],[119.3940554,32.341839],[119.3942782,32.3418067]]}},{"type":"Feature","id":"way/1032944976","properties":{"natural":"tree_row","source":"OpenStreetMap","osm_id":"way/1032944976","kind":"trees"},"geometry":{"type":"LineString","coordinates":[[119.3943266,32.3417973],[119.394554,32.3417814],[119.3946746,32.3417788],[119.394991,32.3417902],[119.3953711,32.3418121],[119.3970403,32.3420252]]}},{"type":"Feature","id":"way/1032944977","properties":{"natural":"tree_row","source":"OpenStreetMap","osm_id":"way/1032944977","kind":"trees"},"geometry":{"type":"LineString","coordinates":[[119.3970839,32.3421366],[119.3966647,32.3420904]]}},{"type":"Feature","id":"way/1032944978","properties":{"natural":"tree_row","source":"OpenStreetMap","osm_id":"way/1032944978","kind":"trees"},"geometry":{"type":"LineString","coordinates":[[119.3965777,32.3420797],[119.3958996,32.3419986],[119.3958353,32.3419986],[119.3957763,32.3420275],[119.3957334,32.3420608],[119.3955822,32.3422253],[119.3954989,32.3423554],[119.3954373,32.3425255],[119.3953982,32.3427345]]}},{"type":"Feature","id":"way/1032944979","properties":{"natural":"tree_row","source":"OpenStreetMap","osm_id":"way/1032944979","kind":"trees"},"geometry":{"type":"LineString","coordinates":[[119.3950558,32.3431881],[119.3952251,32.3430508],[119.3953138,32.3429467],[119.3953799,32.3427753]]}},{"type":"Feature","id":"way/1032944980","properties":{"highway":"footway","source":"OpenStreetMap","osm_id":"way/1032944980","kind":"road"},"geometry":{"type":"LineString","coordinates":[[119.3970028,32.347868],[119.397135,32.3471086],[119.3972698,32.346334],[119.3972813,32.3462679],[119.3973498,32.3458742],[119.3973569,32.3458336],[119.397363,32.3457999]]}},{"type":"Feature","id":"way/1032944981","properties":{"highway":"footway","source":"OpenStreetMap","osm_id":"way/1032944981","kind":"road"},"geometry":{"type":"LineString","coordinates":[[119.3963077,32.3462073],[119.3972698,32.346334],[119.3973517,32.3463448],[119.3974285,32.3463545]]}},{"type":"Feature","id":"way/1032944982","properties":{"highway":"footway","source":"OpenStreetMap","osm_id":"way/1032944982","kind":"road"},"geometry":{"type":"LineString","coordinates":[[119.3972813,32.3462679],[119.397363,32.3462787],[119.3974399,32.3462889],[119.3984427,32.3464217]]}},{"type":"Feature","id":"way/1032944983","properties":{"highway":"footway","source":"OpenStreetMap","osm_id":"way/1032944983","kind":"road"},"geometry":{"type":"LineString","coordinates":[[119.3960439,32.3457887],[119.3960596,32.3457101],[119.3960678,32.345669]]}},{"type":"Feature","id":"way/1032944984","properties":{"highway":"footway","source":"OpenStreetMap","osm_id":"way/1032944984","kind":"road"},"geometry":{"type":"LineString","coordinates":[[119.3956406,32.3456137],[119.3956468,32.3455823],[119.3956638,32.3454969]]}},{"type":"Feature","id":"way/1032944985","properties":{"leisure":"garden","source":"OpenStreetMap","osm_id":"way/1032944985","kind":"green"},"geometry":{"type":"Polygon","coordinates":[[[119.3957015,32.3455891],[119.3962149,32.3456522],[119.3962502,32.3456243],[119.3962852,32.3454206],[119.3961781,32.3454074],[119.3961544,32.3455451],[119.3957183,32.3454916],[119.3957015,32.3455891]]]}},{"type":"Feature","id":"way/1032944986","properties":{"leisure":"garden","source":"OpenStreetMap","osm_id":"way/1032944986","kind":"green"},"geometry":{"type":"Polygon","coordinates":[[[119.3949909,32.3451052],[119.3946607,32.3450673],[119.3946129,32.3453642],[119.3947736,32.3453986],[119.3951013,32.3454886],[119.3956184,32.345576],[119.3956395,32.3454862],[119.3949326,32.3453969],[119.3949909,32.3451052]]]}},{"type":"Feature","id":"way/1032944987","properties":{"leisure":"garden","source":"OpenStreetMap","osm_id":"way/1032944987","kind":"green"},"geometry":{"type":"Polygon","coordinates":[[[119.39505,32.3447382],[119.394704,32.3446965],[119.3948063,32.3441867],[119.3948234,32.3441707],[119.3948572,32.3441654],[119.3948823,32.3441654],[119.3964939,32.3443607],[119.3964152,32.3447941],[119.3962202,32.3447688],[119.3962543,32.3445765],[119.396282,32.3445819],[119.396297,32.3444982],[119.3951091,32.3443462],[119.3950789,32.3445141],[119.3951897,32.3445283],[119.3951497,32.3447509],[119.39505,32.3447382]]]}},{"type":"Feature","id":"way/1032944988","properties":{"leisure":"garden","source":"OpenStreetMap","osm_id":"way/1032944988","kind":"green"},"geometry":{"type":"Polygon","coordinates":[[[119.3946732,32.3449744],[119.3947049,32.344782],[119.3950182,32.3448188],[119.3949865,32.3450112],[119.3946732,32.3449744]]]}},{"type":"Feature","id":"way/1032945970","properties":{"natural":"water","source":"OpenStreetMap","osm_id":"way/1032945970","kind":"water"},"geometry":{"type":"Polygon","coordinates":[[[119.3998962,32.3459093],[119.399995,32.3459649],[119.4000339,32.3459253],[119.3999183,32.3458757],[119.3998962,32.3459093]]]}},{"type":"Feature","id":"way/1033104784","properties":{"intermittent":"yes","waterway":"ditch","source":"OpenStreetMap","osm_id":"way/1033104784","kind":"waterway"},"geometry":{"type":"LineString","coordinates":[[119.3940111,32.3408602],[119.3940043,32.3408188],[119.3940003,32.3407672],[119.3939962,32.3406878]]}},{"type":"Feature","id":"way/1033104785","properties":{"layer":"-1","waterway":"ditch","tunnel":"culvert","source":"OpenStreetMap","osm_id":"way/1033104785","kind":"waterway"},"geometry":{"type":"LineString","coordinates":[[119.3974009,32.3415628],[119.3976746,32.3415902],[119.3977203,32.3415972],[119.3977565,32.34161],[119.3977825,32.3416223],[119.3978134,32.341634],[119.3978562,32.3416436],[119.3979131,32.3416504]]}},{"type":"Feature","id":"way/1033104786","properties":{"layer":"-1","waterway":"ditch","tunnel":"culvert","source":"OpenStreetMap","osm_id":"way/1033104786","kind":"waterway"},"geometry":{"type":"LineString","coordinates":[[119.4001688,32.3463574],[119.4002155,32.3460225]]}},{"type":"Feature","id":"way/1033108914","properties":{"natural":"tree_row","source":"OpenStreetMap","osm_id":"way/1033108914","kind":"trees"},"geometry":{"type":"LineString","coordinates":[[119.3919424,32.3491467],[119.3922051,32.3480875],[119.3923128,32.3476514],[119.3923565,32.3475611],[119.3924378,32.3472335]]}},{"type":"Feature","id":"way/1033108915","properties":{"natural":"tree_row","source":"OpenStreetMap","osm_id":"way/1033108915","kind":"trees"},"geometry":{"type":"LineString","coordinates":[[119.3924682,32.347332],[119.3921838,32.3487723],[119.3939227,32.3489854]]}},{"type":"Feature","id":"way/1033111359","properties":{"building":"yes","name":"水泵房","man_made":"pumping_station","source":"OpenStreetMap","osm_id":"way/1033111359","kind":"building"},"geometry":{"type":"Polygon","coordinates":[[[119.3892308,32.3427645],[119.3892379,32.3427146],[119.3892904,32.34272],[119.3892833,32.3427699],[119.3892308,32.3427645]]]}},{"type":"Feature","id":"way/1033125784","properties":{"highway":"footway","source":"OpenStreetMap","osm_id":"way/1033125784","kind":"road"},"geometry":{"type":"LineString","coordinates":[[119.3971597,32.3478882],[119.3972927,32.347129],[119.3974285,32.3463545],[119.3974399,32.3462889],[119.3975091,32.3458943],[119.3975162,32.3458538],[119.3975217,32.3458202]]}},{"type":"Feature","id":"way/1033125785","properties":{"building":"yes","layer":"1","building:levels":"3","source":"OpenStreetMap","osm_id":"way/1033125785","kind":"building"},"geometry":{"type":"Polygon","coordinates":[[[119.3903995,32.3449333],[119.390817,32.3449684],[119.3908278,32.3448669],[119.3910619,32.344889],[119.391071,32.3448106],[119.3911994,32.3447194],[119.3912846,32.3448015],[119.3913055,32.3448308],[119.3913163,32.3448512],[119.3913577,32.3449297],[119.3913699,32.3449938],[119.3913594,32.345068],[119.3913342,32.3451283],[119.391304,32.3451639],[119.3912754,32.3451865],[119.3912569,32.3451953],[119.3912435,32.3452996],[119.390367,32.3452016],[119.3903995,32.3449333]]]}},{"type":"Feature","id":"way/1033125786","properties":{"highway":"footway","source":"OpenStreetMap","osm_id":"way/1033125786","kind":"road"},"geometry":{"type":"LineString","coordinates":[[119.3962777,32.3456961],[119.3962841,32.3456627],[119.396374,32.345194]]}},{"type":"Feature","id":"way/1033125787","properties":{"layer":"-1","highway":"footway","covered":"yes","source":"OpenStreetMap","osm_id":"way/1033125787","kind":"road"},"geometry":{"type":"LineString","coordinates":[[119.396374,32.345194],[119.3964088,32.3450129],[119.3964457,32.344802]]}},{"type":"Feature","id":"way/1033125788","properties":{"layer":"-1","highway":"footway","covered":"yes","source":"OpenStreetMap","osm_id":"way/1033125788","kind":"road"},"geometry":{"type":"LineString","coordinates":[[119.3964614,32.3450195],[119.3964088,32.3450129]]}},{"type":"Feature","id":"way/1033125789","properties":{"leisure":"track","sport":"running","source":"OpenStreetMap","osm_id":"way/1033125789","kind":"track"},"geometry":{"type":"LineString","coordinates":[[119.3945437,32.3436426],[119.3944954,32.3438936],[119.3943336,32.3447337],[119.3943022,32.3448967]]}},{"type":"Feature","id":"way/1033125790","properties":{"leisure":"track","sport":"running","source":"OpenStreetMap","osm_id":"way/1033125790","kind":"track"},"geometry":{"type":"LineString","coordinates":[[119.3934415,32.3447895],[119.3934755,32.3445735],[119.3935991,32.3437866],[119.393635,32.3435542]]}},{"type":"Feature","id":"way/1033125791","properties":{"leisure":"track","sport":"running","source":"OpenStreetMap","osm_id":"way/1033125791","kind":"track"},"geometry":{"type":"LineString","coordinates":[[119.3934755,32.3445735],[119.3934924,32.3446785],[119.3935142,32.3447292],[119.3935551,32.3447891],[119.3936013,32.3448382],[119.393683,32.34489],[119.3937672,32.3449267],[119.3938572,32.3449472],[119.3939379,32.3449494],[119.3940304,32.3449384],[119.3941218,32.3449082],[119.3941893,32.3448662],[119.3942602,32.3448162],[119.3943336,32.3447337]]}},{"type":"Feature","id":"way/1033125792","properties":{"leisure":"track","sport":"running","source":"OpenStreetMap","osm_id":"way/1033125792","kind":"track"},"geometry":{"type":"LineString","coordinates":[[119.3935991,32.3437866],[119.3936487,32.3436494],[119.3937174,32.3435773],[119.3938226,32.3435133],[119.393925,32.3434833],[119.3940378,32.3434718],[119.3941706,32.343487],[119.3942678,32.3435251],[119.394366,32.3435959],[119.394411,32.3436429],[119.394447,32.3437033],[119.3944702,32.3437782],[119.3944954,32.3438936]]}},{"type":"Feature","id":"way/1033125796","properties":{"natural":"scrub","source":"OpenStreetMap","osm_id":"way/1033125796","kind":"green"},"geometry":{"type":"Polygon","coordinates":[[[119.3949722,32.3414885],[119.3949641,32.3415223],[119.3949572,32.341553],[119.3949732,32.3415864],[119.3949675,32.3416259],[119.3949297,32.3416536],[119.3948812,32.3416997],[119.3948159,32.3417082],[119.3947511,32.3416878],[119.3947526,32.3416459],[119.3947526,32.3416209],[119.3947443,32.3415921],[119.394733,32.3415577],[119.3947344,32.3415172],[119.3947445,32.3414735],[119.394776,32.3414522],[119.394805,32.3414734],[119.3948684,32.3414921],[119.3949424,32.3414718],[119.3949722,32.3414885]]]}},{"type":"Feature","id":"way/1033130438","properties":{"highway":"footway","footway":"sidewalk","source":"OpenStreetMap","osm_id":"way/1033130438","kind":"road"},"geometry":{"type":"LineString","coordinates":[[119.3889496,32.3438651],[119.3890282,32.3439102],[119.3890571,32.3439196],[119.3902565,32.3440387],[119.3902955,32.3440506],[119.3903163,32.3440692],[119.3903648,32.3441453],[119.3904118,32.3442048],[119.3904474,32.3442363],[119.3904829,32.344264],[119.3905129,32.3442851],[119.3905471,32.3443061],[119.390596,32.3443273],[119.3909247,32.344438],[119.3910574,32.3444861],[119.391097,32.3445009],[119.3911415,32.3445253],[119.3912082,32.3445693],[119.3913129,32.3446489],[119.3914222,32.3447348],[119.3915734,32.3448834],[119.3916144,32.3449182],[119.3916659,32.3449618],[119.3917031,32.3449908],[119.391738,32.3450179],[119.3917913,32.3450605],[119.3918892,32.3451237],[119.3919695,32.3451643],[119.3920441,32.3451906],[119.3921113,32.345208],[119.3921639,32.3452146],[119.3926226,32.3452691],[119.3926725,32.3452725],[119.3929234,32.345283],[119.3933132,32.3452838],[119.3933807,32.345291],[119.3942487,32.3453982],[119.3945567,32.3454363],[119.3946246,32.3454498],[119.3952461,32.3456059],[119.3955575,32.3456458],[119.3960596,32.3457101],[119.3963875,32.3457521],[119.3964834,32.3457644],[119.3973498,32.3458742],[119.3974305,32.3458844],[119.3975091,32.3458943],[119.3985215,32.3460226],[119.3992419,32.3461157],[119.3998356,32.3461924],[119.4004493,32.3462521]]}},{"type":"Feature","id":"way/1033130439","properties":{"highway":"footway","footway":"sidewalk","source":"OpenStreetMap","osm_id":"way/1033130439","kind":"road"},"geometry":{"type":"LineString","coordinates":[[119.3889496,32.3438651],[119.3890218,32.3438347],[119.3890384,32.3438336],[119.3890545,32.3438312],[119.3902086,32.3439565],[119.3903734,32.3439776],[119.3904018,32.34399],[119.3904153,32.3439986],[119.3904255,32.3440086],[119.3904429,32.3440343],[119.390457,32.3440549],[119.3904922,32.3441065],[119.3905181,32.3441451],[119.3905383,32.3441708],[119.3905607,32.3441945],[119.3905872,32.3442167],[119.390621,32.3442393],[119.390658,32.3442563],[119.3909504,32.344352],[119.3911247,32.3444164],[119.391265,32.344497],[119.3913832,32.3445955],[119.391406,32.3446168],[119.3914793,32.3446857],[119.3915851,32.3447894],[119.3916098,32.3448136],[119.3916379,32.3448331],[119.3918584,32.3450075],[119.3919253,32.3450495],[119.3919668,32.345074],[119.3920178,32.3450982],[119.3920685,32.3451152],[119.3921313,32.3451333],[119.3922486,32.3451512],[119.39266,32.3451931],[119.3929355,32.3452108],[119.3933419,32.3452088],[119.3945454,32.3453589],[119.3946071,32.345369],[119.3947712,32.3454052],[119.3951013,32.3454965],[119.3951965,32.3455178],[119.3956468,32.3455823],[119.3962841,32.3456627],[119.3966468,32.3457085],[119.3967996,32.345728],[119.3971222,32.3457692],[119.3972001,32.3457791],[119.397363,32.3457999],[119.3974438,32.3458103],[119.3975217,32.3458202],[119.3984304,32.3459362],[119.3998498,32.3461145]]}},{"type":"Feature","id":"way/1033130440","properties":{"highway":"footway","covered":"yes","source":"OpenStreetMap","osm_id":"way/1033130440","kind":"road"},"geometry":{"type":"LineString","coordinates":[[119.3906667,32.3439744],[119.3913163,32.3440387]]}},{"type":"Feature","id":"way/1033130441","properties":{"highway":"footway","source":"OpenStreetMap","osm_id":"way/1033130441","kind":"road"},"geometry":{"type":"LineString","coordinates":[[119.3904228,32.3441089],[119.390457,32.3440549],[119.3904743,32.3440292],[119.3904864,32.344014],[119.3904985,32.344003],[119.3905108,32.3439955],[119.3905236,32.3439907],[119.3905531,32.343984],[119.3905926,32.3439787],[119.3906315,32.3439759],[119.3906667,32.3439744]]}},{"type":"Feature","id":"way/1033194412","properties":{"highway":"footway","source":"OpenStreetMap","osm_id":"way/1033194412","kind":"road"},"geometry":{"type":"LineString","coordinates":[[119.391888,32.3419973],[119.3919441,32.3418927]]}},{"type":"Feature","id":"way/1033194413","properties":{"incline":"down","highway":"steps","access":"yes","source":"OpenStreetMap","osm_id":"way/1033194413","kind":"road"},"geometry":{"type":"LineString","coordinates":[[119.3919441,32.3418927],[119.3920533,32.3416891]]}},{"type":"Feature","id":"way/1033194414","properties":{"highway":"footway","source":"OpenStreetMap","osm_id":"way/1033194414","kind":"road"},"geometry":{"type":"LineString","coordinates":[[119.3920533,32.3416891],[119.3921791,32.3414547]]}},{"type":"Feature","id":"way/1033194415","properties":{"highway":"footway","source":"OpenStreetMap","osm_id":"way/1033194415","kind":"road"},"geometry":{"type":"LineString","coordinates":[[119.3924026,32.3416446],[119.3922232,32.3419866]]}},{"type":"Feature","id":"way/1033194416","properties":{"layer":"1","highway":"footway","covered":"yes","source":"OpenStreetMap","osm_id":"way/1033194416","kind":"road"},"geometry":{"type":"LineString","coordinates":[[119.3922232,32.3419866],[119.3921657,32.3420962],[119.3921477,32.3421306],[119.3921339,32.3421428],[119.3920718,32.3421692],[119.3920458,32.3421813],[119.3920158,32.3422085],[119.3920011,32.3422263],[119.3919871,32.3422434],[119.3919748,32.3422584],[119.391954,32.3422845],[119.3919282,32.3423222],[119.3918994,32.342377],[119.391891,32.342399],[119.3918836,32.3424335],[119.391877,32.3424853],[119.3918778,32.3425025],[119.3918849,32.3425246],[119.3918928,32.3425371],[119.3919104,32.3425625],[119.3919278,32.3425861],[119.3919698,32.3426543],[119.391984,32.3426867],[119.3919921,32.3427134],[119.3919948,32.342743],[119.3919906,32.3427766],[119.391984,32.3428059],[119.3919724,32.3428388],[119.391955,32.3428885]]}},{"type":"Feature","id":"way/1033194417","properties":{"highway":"footway","layer":"-1","source":"OpenStreetMap","osm_id":"way/1033194417","kind":"road"},"geometry":{"type":"LineString","coordinates":[[119.391955,32.3428885],[119.3919261,32.3429401],[119.3919165,32.3429589],[119.3919116,32.3429737],[119.3919077,32.3429976],[119.3919078,32.343011],[119.391908,32.343026],[119.3919115,32.3430406],[119.3919167,32.3430589],[119.3919229,32.343074],[119.3919322,32.3430937],[119.3919423,32.3431087],[119.391953,32.3431244],[119.391961,32.3431346],[119.3919715,32.3431438],[119.3919829,32.343153],[119.3919929,32.3431594]]}},{"type":"Feature","id":"way/1033194418","properties":{"landuse":"grass","source":"OpenStreetMap","osm_id":"way/1033194418","kind":"green"},"geometry":{"type":"Polygon","coordinates":[[[119.3969598,32.3438653],[119.3969627,32.3438728],[119.3969677,32.343879],[119.39698,32.3438844],[119.397457,32.3439449],[119.3974729,32.3439404],[119.3974793,32.3439337],[119.3974873,32.343922],[119.3974919,32.3439101],[119.3975233,32.343718],[119.3975246,32.3437041],[119.3975166,32.3436933],[119.3975038,32.3436847],[119.3970189,32.3436268],[119.3970097,32.3436277],[119.3970016,32.3436306],[119.3969984,32.3436408],[119.3969598,32.3438653]]]}},{"type":"Feature","id":"way/1033194419","properties":{"building":"yes","source":"OpenStreetMap","osm_id":"way/1033194419","kind":"building"},"geometry":{"type":"Polygon","coordinates":[[[119.3915334,32.3431658],[119.3915572,32.3431864],[119.3915976,32.3432215],[119.3916318,32.343196],[119.3916601,32.3431677],[119.3916788,32.3431402],[119.3916905,32.343111],[119.3916946,32.3430841],[119.3916912,32.3430569],[119.3916049,32.3430576],[119.3916084,32.3430848],[119.391602,32.3431116],[119.3915862,32.3431354],[119.3915626,32.3431541],[119.3915334,32.3431658]]]}},{"type":"Feature","id":"way/1033194420","properties":{"leisure":"garden","source":"OpenStreetMap","osm_id":"way/1033194420","kind":"green"},"geometry":{"type":"Polygon","coordinates":[[[119.3913744,32.3429213],[119.3917129,32.3430451],[119.3917565,32.3429599],[119.3917829,32.3429085],[119.3914443,32.3427847],[119.3913744,32.3429213]]]}},{"type":"Feature","id":"way/1033194421","properties":{"area":"yes","highway":"pedestrian","layer":"-1","source":"OpenStreetMap","osm_id":"way/1033194421","kind":"road"},"geometry":{"type":"Polygon","coordinates":[[[119.3915291,32.3433942],[119.3916017,32.3433866],[119.3916676,32.343369],[119.3917117,32.3433508],[119.3917483,32.3433346],[119.3917905,32.3433005],[119.3919715,32.3431438],[119.3920693,32.3430683],[119.3919078,32.343011],[119.3918897,32.3430046],[119.3918374,32.3429871],[119.3917565,32.3429599],[119.3917129,32.3430451],[119.3916912,32.3430569],[119.3916946,32.3430841],[119.3916905,32.343111],[119.3916788,32.3431402],[119.3916601,32.3431677],[119.3916318,32.343196],[119.3915976,32.3432215],[119.3915572,32.3431864],[119.3915456,32.3433231],[119.3915291,32.3433942]]]}},{"type":"Feature","id":"way/1033194422","properties":{"highway":"footway","source":"OpenStreetMap","osm_id":"way/1033194422","kind":"road"},"geometry":{"type":"LineString","coordinates":[[119.3909502,32.3429638],[119.3908073,32.3432416]]}},{"type":"Feature","id":"way/1033194423","properties":{"highway":"footway","source":"OpenStreetMap","osm_id":"way/1033194423","kind":"road"},"geometry":{"type":"LineString","coordinates":[[119.3910382,32.3425095],[119.3910519,32.3425155],[119.3911421,32.3425466],[119.3911495,32.3425527],[119.3911515,32.342562],[119.3911448,32.3425833],[119.391063,32.3427412]]}},{"type":"Feature","id":"way/1033194424","properties":{"highway":"footway","covered":"yes","source":"OpenStreetMap","osm_id":"way/1033194424","kind":"road"},"geometry":{"type":"LineString","coordinates":[[119.391063,32.3427412],[119.3909502,32.3429638]]}},{"type":"Feature","id":"way/1033194425","properties":{"highway":"footway","source":"OpenStreetMap","osm_id":"way/1033194425","kind":"road"},"geometry":{"type":"LineString","coordinates":[[119.3912526,32.342132],[119.3911872,32.3421075]]}},{"type":"Feature","id":"way/1033194426","properties":{"highway":"service","service":"driveway","source":"OpenStreetMap","osm_id":"way/1033194426","kind":"road"},"geometry":{"type":"LineString","coordinates":[[119.3897407,32.340517],[119.3898018,32.3405189],[119.3898119,32.3405204],[119.3898204,32.3405238],[119.3898254,32.3405271],[119.3898294,32.3405313],[119.3898324,32.3405372],[119.3898344,32.3405448],[119.3898379,32.3405611],[119.3898419,32.3405869],[119.3898497,32.3406463],[119.3898776,32.3408575]]}},{"type":"Feature","id":"way/1033400776","properties":{"intermittent":"yes","natural":"water","water":"basin","basin":"fish_breeding","source":"OpenStreetMap","osm_id":"way/1033400776","kind":"water"},"geometry":{"type":"Polygon","coordinates":[[[119.3965657,32.3438064],[119.3966232,32.3434568],[119.396653,32.3434603],[119.3965954,32.3438099],[119.3965657,32.3438064]]]}},{"type":"Feature","id":"way/1033400777","properties":{"bridge":"yes","name":"揽月桥","oneway":"yes","highway":"service","layer":"1","source":"OpenStreetMap","osm_id":"way/1033400777","kind":"road"},"geometry":{"type":"LineString","coordinates":[[119.3978467,32.3415683],[119.3978186,32.3417108]]}},{"type":"Feature","id":"way/1033400778","properties":{"highway":"service","oneway":"yes","source":"OpenStreetMap","osm_id":"way/1033400778","kind":"road"},"geometry":{"type":"LineString","coordinates":[[119.3978578,32.3415121],[119.3978467,32.3415683]]}},{"type":"Feature","id":"way/1033400779","properties":{"highway":"service","oneway":"yes","source":"OpenStreetMap","osm_id":"way/1033400779","kind":"road"},"geometry":{"type":"LineString","coordinates":[[119.3975004,32.3415266],[119.3975287,32.3414973],[119.3975607,32.3414816],[119.397576,32.3414783],[119.3975925,32.3414747],[119.3978578,32.3415121]]}},{"type":"Feature","id":"way/1033400780","properties":{"bridge":"yes","name":"揽月桥","oneway":"yes","highway":"service","layer":"1","source":"OpenStreetMap","osm_id":"way/1033400780","kind":"road"},"geometry":{"type":"LineString","coordinates":[[119.3974863,32.3416019],[119.3975004,32.3415266]]}},{"type":"Feature","id":"way/1033400787","properties":{"highway":"service","source":"OpenStreetMap","osm_id":"way/1033400787","kind":"road"},"geometry":{"type":"LineString","coordinates":[[119.3921791,32.3414547],[119.3923245,32.3411793]]}},{"type":"Feature","id":"way/1033400788","properties":{"building":"yes","name":"风雨走廊","source":"OpenStreetMap","osm_id":"way/1033400788","kind":"building"},"geometry":{"type":"Polygon","coordinates":[[[119.3915232,32.3439834],[119.3915564,32.3437254],[119.3914644,32.3437165],[119.3914311,32.3439749],[119.3915232,32.3439834]]]}},{"type":"Feature","id":"way/1033400789","properties":{"layer":"-1","highway":"footway","covered":"yes","source":"OpenStreetMap","osm_id":"way/1033400789","kind":"road"},"geometry":{"type":"LineString","coordinates":[[119.3914607,32.3437296],[119.3914985,32.3437329],[119.391469,32.3439467],[119.3915282,32.3439529]]}},{"type":"Feature","id":"way/1033400791","properties":{"highway":"footway","source":"OpenStreetMap","osm_id":"way/1033400791","kind":"road"},"geometry":{"type":"LineString","coordinates":[[119.3913695,32.3437216],[119.3914607,32.3437296]]}},{"type":"Feature","id":"way/1033400793","properties":{"highway":"footway","source":"OpenStreetMap","osm_id":"way/1033400793","kind":"road"},"geometry":{"type":"LineString","coordinates":[[119.3999231,32.3450967],[119.4001937,32.3451275]]}},{"type":"Feature","id":"way/1033400794","properties":{"highway":"footway","source":"OpenStreetMap","osm_id":"way/1033400794","kind":"road"},"geometry":{"type":"LineString","coordinates":[[119.3999483,32.3444759],[119.4002961,32.3445177]]}},{"type":"Feature","id":"way/1033400795","properties":{"service":"driveway","name":"坡道起步","highway":"service","source":"OpenStreetMap","osm_id":"way/1033400795","kind":"road"},"geometry":{"type":"LineString","coordinates":[[119.3960406,32.348731],[119.3953345,32.348634]]}},{"type":"Feature","id":"way/1033400796","properties":{"highway":"service","service":"driveway","source":"OpenStreetMap","osm_id":"way/1033400796","kind":"road"},"geometry":{"type":"LineString","coordinates":[[119.3962446,32.348759],[119.3960406,32.348731]]}},{"type":"Feature","id":"way/1033400797","properties":{"highway":"service","service":"driveway","source":"OpenStreetMap","osm_id":"way/1033400797","kind":"road"},"geometry":{"type":"LineString","coordinates":[[119.3960494,32.348691],[119.3962528,32.3487187]]}},{"type":"Feature","id":"way/1033400798","properties":{"highway":"service","service":"driveway","source":"OpenStreetMap","osm_id":"way/1033400798","kind":"road"},"geometry":{"type":"LineString","coordinates":[[119.3951977,32.3485749],[119.3953394,32.3485942]]}},{"type":"Feature","id":"way/1033400799","properties":{"highway":"service","service":"driveway","source":"OpenStreetMap","osm_id":"way/1033400799","kind":"road"},"geometry":{"type":"LineString","coordinates":[[119.3952048,32.3485359],[119.3953482,32.3485549]]}},{"type":"Feature","id":"way/1033400800","properties":{"highway":"service","service":"driveway","source":"OpenStreetMap","osm_id":"way/1033400800","kind":"road"},"geometry":{"type":"LineString","coordinates":[[119.3960608,32.3486494],[119.396261,32.3486759]]}},{"type":"Feature","id":"way/1033400801","properties":{"highway":"service","service":"driveway","source":"OpenStreetMap","osm_id":"way/1033400801","kind":"road"},"geometry":{"type":"LineString","coordinates":[[119.3963293,32.3483304],[119.396288,32.3485394],[119.3962742,32.3486094],[119.396261,32.3486759],[119.3962528,32.3487187],[119.3962446,32.348759]]}},{"type":"Feature","id":"way/1033400802","properties":{"highway":"service","service":"driveway","source":"OpenStreetMap","osm_id":"way/1033400802","kind":"road"},"geometry":{"type":"LineString","coordinates":[[119.3964352,32.3477952],[119.3964163,32.3478905],[119.3964044,32.3479508],[119.3963978,32.3479841]]}},{"type":"Feature","id":"way/1033400803","properties":{"service":"driveway","name":"倒车入库","highway":"service","source":"OpenStreetMap","osm_id":"way/1033400803","kind":"road"},"geometry":{"type":"LineString","coordinates":[[119.3953031,32.3481905],[119.3957933,32.348253]]}},{"type":"Feature","id":"way/1033400804","properties":{"leisure":"garden","source":"OpenStreetMap","osm_id":"way/1033400804","kind":"green"},"geometry":{"type":"Polygon","coordinates":[[[119.3974047,32.3415372],[119.3974118,32.3415349],[119.3974147,32.3415297],[119.3974162,32.3415226],[119.3974556,32.3412936],[119.3972803,32.3412703],[119.3972389,32.3415177],[119.3974047,32.3415372]]]}},{"type":"Feature","id":"way/1033400805","properties":{"highway":"footway","source":"OpenStreetMap","osm_id":"way/1033400805","kind":"road"},"geometry":{"type":"LineString","coordinates":[[119.3895626,32.3450812],[119.3895935,32.3448678]]}},{"type":"Feature","id":"way/1033400806","properties":{"highway":"path","source":"OpenStreetMap","osm_id":"way/1033400806","kind":"road"},"geometry":{"type":"LineString","coordinates":[[119.3888872,32.3447941],[119.3888915,32.3446815],[119.3888873,32.3446535],[119.388876,32.3446254],[119.3888496,32.3445873],[119.3888169,32.3445386],[119.3888037,32.3445026],[119.3888021,32.3444931],[119.3888031,32.3444856],[119.3888086,32.3444741],[119.3888171,32.3444627],[119.3888454,32.3444342],[119.3888842,32.3444021],[119.3888953,32.3443884],[119.3889004,32.3443789],[119.3889027,32.3443702],[119.3889091,32.3443313],[119.3889093,32.3443016],[119.3889058,32.3442774],[119.3888906,32.3442364],[119.3888803,32.3442012],[119.3888809,32.3441867],[119.388885,32.3441749],[119.3889118,32.3441444],[119.3889356,32.3441241],[119.3889581,32.3440975],[119.3889713,32.3440773],[119.3890238,32.3439941]]}},{"type":"Feature","id":"way/1033405525","properties":{"denotation":"street","leaf_type":"broadleaved","natural":"tree_row","leaf_cycle":"deciduous","source":"OpenStreetMap","osm_id":"way/1033405525","kind":"trees"},"geometry":{"type":"LineString","coordinates":[[119.3904556,32.3442959],[119.3905064,32.3443308],[119.3905657,32.3443592],[119.3906198,32.3443787],[119.390684,32.3444003],[119.3908421,32.3444521],[119.391032,32.3445228]]}},{"type":"Feature","id":"way/1033405526","properties":{"leisure":"pitch","source":"OpenStreetMap","osm_id":"way/1033405526","kind":"pitch"},"geometry":{"type":"Polygon","coordinates":[[[119.3890977,32.3452123],[119.3898162,32.3452901],[119.3898116,32.3453222],[119.3890931,32.3452442],[119.3890977,32.3452123]]]}},{"type":"Feature","id":"way/1033405533","properties":{"leisure":"pitch","source":"OpenStreetMap","osm_id":"way/1033405533","kind":"pitch"},"geometry":{"type":"Polygon","coordinates":[[[119.3935229,32.34502],[119.3941919,32.3451065],[119.3941973,32.3450767],[119.3935283,32.3449903],[119.3935229,32.34502]]]}},{"type":"Feature","id":"relation/13817765","properties":{"natural":"water","water":"pond","type":"multipolygon","source":"OpenStreetMap","osm_id":"relation/13817765","kind":"water"},"geometry":{"type":"Polygon","coordinates":[[[119.4000739,32.3463493],[119.4001688,32.3463574],[119.4002132,32.3463622],[119.4002262,32.3463907],[119.400226,32.3464439],[119.4002023,32.3466276],[119.4000309,32.3476442],[119.3996098,32.3501624],[119.399602,32.3502161],[119.3995833,32.3502215],[119.399492,32.3502127],[119.3994749,32.3502047],[119.3994878,32.3501197],[119.3994526,32.3501204],[119.3993903,32.3501343],[119.3992796,32.3501221],[119.3991373,32.3501089],[119.3990515,32.3500778],[119.3986408,32.3500212],[119.3985427,32.3500271],[119.3984739,32.3500195],[119.3982719,32.3499933],[119.3981849,32.3499921],[119.3980844,32.3499686],[119.3973315,32.3498819],[119.3968542,32.3497973],[119.3965007,32.3497658],[119.3963034,32.3497268],[119.3960837,32.349701],[119.3959071,32.3496956],[119.3958366,32.3496745],[119.3957465,32.3496557],[119.395456,32.3496165],[119.3952417,32.34961],[119.3951047,32.3496001],[119.3941315,32.3494603],[119.3936385,32.3493996],[119.3935884,32.3493572],[119.3936033,32.3493115],[119.3936675,32.3493138],[119.3937534,32.3492811],[119.3938402,32.3492874],[119.3941733,32.349353],[119.394314,32.3494021],[119.3944842,32.349432],[119.3957027,32.3495801],[119.3958141,32.3495918],[119.3958703,32.3495851],[119.3960259,32.3495867],[119.3960653,32.3495935],[119.3961175,32.3496026],[119.3962559,32.3496262],[119.3963711,32.3496567],[119.3964653,32.3496722],[119.3965652,32.3496788],[119.3967836,32.349702],[119.3970621,32.3497625],[119.3972316,32.3498012],[119.3973071,32.3498041],[119.3974199,32.3497717],[119.3975047,32.3497544],[119.397583,32.3497477],[119.3976799,32.3497525],[119.3977459,32.3497679],[119.3978133,32.3497849],[119.3978742,32.3498105],[119.398025,32.3498688],[119.3981791,32.3499175],[119.3982534,32.3499227],[119.3983322,32.3499227],[119.3984029,32.3499326],[119.3984923,32.3499366],[119.398586,32.3499617],[119.3987503,32.3499935],[119.3992412,32.3500456],[119.3994259,32.3500671],[119.3994474,32.3500867],[119.3995448,32.3500918],[119.400055,32.3470237],[119.4000846,32.3468531],[119.4000791,32.3467892],[119.4000585,32.3467154],[119.4000108,32.3465897],[119.3999958,32.3465351],[119.3999932,32.3464737],[119.399998,32.3464342],[119.4000067,32.3463965],[119.40002,32.3463736],[119.4000399,32.3463566],[119.4000739,32.3463493]]]}},{"type":"Feature","id":"relation/13817765-1","properties":{"natural":"water","water":"pond","type":"multipolygon","source":"OpenStreetMap","osm_id":"relation/13817765-1","kind":"water"},"geometry":{"type":"Polygon","coordinates":[[[119.3927535,32.3406683],[119.3927265,32.3407896],[119.3927463,32.3408062],[119.3927913,32.3408419],[119.3928381,32.340902],[119.3928594,32.3409629],[119.3928692,32.3410165],[119.392865,32.3410744],[119.3933308,32.3412465],[119.3936573,32.3413793],[119.3937506,32.341432],[119.3937884,32.3414597],[119.3938152,32.3414717],[119.3938661,32.3414919],[119.3938875,32.3415039],[119.3939286,32.3415549],[119.3939396,32.3415884],[119.3939361,32.3416369],[119.3939133,32.3417149],[119.3938151,32.3417665],[119.3937652,32.3418078],[119.3937223,32.3418754],[119.3936977,32.3419366],[119.3936745,32.3420116],[119.3936507,32.3421126],[119.3936385,32.3421663],[119.393644,32.3422633],[119.3936521,32.3423967],[119.393637,32.3424875],[119.3936013,32.3425818],[119.3935307,32.3426862],[119.393478,32.3427396],[119.3934363,32.3427673],[119.3934135,32.3427774],[119.3933872,32.3427969],[119.393362,32.3428267],[119.3933313,32.3428713],[119.3932912,32.3429342],[119.393269,32.3429866],[119.3932623,32.3430251],[119.3932579,32.3430546],[119.3932259,32.3432715],[119.3931102,32.3437566],[119.3930753,32.343907],[119.393052,32.3440315],[119.392996,32.3442418],[119.3929554,32.3443176],[119.3929136,32.3443872],[119.3928897,32.3444567],[119.3928315,32.3447263],[119.39274,32.3451877],[119.3927061,32.3453074],[119.3926803,32.3453308],[119.392666,32.3453483],[119.3926564,32.3453733],[119.3925984,32.3456839],[119.392597,32.34576],[119.3925196,32.345976],[119.3924841,32.3460638],[119.3924618,32.3461761],[119.3923101,32.3469256],[119.3922918,32.3470342],[119.3922615,32.3471503],[119.3922558,32.3472109],[119.3922443,32.3472898],[119.3922401,32.3473182],[119.3922346,32.347357],[119.3922253,32.3474223],[119.3921759,32.3475302],[119.3921675,32.3475679],[119.3921455,32.347725],[119.392073,32.3479836],[119.3920272,32.3480749],[119.392009,32.3481289],[119.3920026,32.3481695],[119.3919874,32.3482057],[119.3919812,32.3482332],[119.3919546,32.3483248],[119.3919416,32.3483585],[119.391936,32.3483984],[119.391911,32.348503],[119.3919104,32.3485938],[119.3919066,32.348636],[119.3918456,32.3489086],[119.3918239,32.3490208],[119.3917998,32.3491302],[119.3917874,32.3491984],[119.3918761,32.3492131],[119.3919677,32.3488461],[119.3920111,32.3486248],[119.3920622,32.3484002],[119.392122,32.3482017],[119.3921786,32.3480663],[119.3921998,32.3480089],[119.3922166,32.3479037],[119.3922342,32.3477447],[119.3922416,32.347701],[119.3922618,32.3476706],[119.3923325,32.347577],[119.39235,32.3475356],[119.392402,32.34731],[119.3924228,32.347221],[119.3924435,32.3471767],[119.3924604,32.347055],[119.3924964,32.346913],[119.3925133,32.3468329],[119.3925385,32.3467142],[119.3925838,32.3464288],[119.392604,32.3463106],[119.3926837,32.3459179],[119.3927569,32.3456477],[119.3927962,32.34537],[119.392796,32.3453372],[119.3927858,32.3453073],[119.3928101,32.34519],[119.3928243,32.3451522],[119.3929458,32.3445522],[119.3929781,32.3444245],[119.3930013,32.3443863],[119.3930169,32.3443566],[119.3930244,32.3443373],[119.393105,32.3440702],[119.393199,32.3437516],[119.3932072,32.3437189],[119.3932272,32.343573],[119.393283,32.3432874],[119.3933089,32.3430805],[119.3933316,32.3430554],[119.3933927,32.3430436],[119.3935601,32.3430467],[119.3938685,32.3430523],[119.3941475,32.343063],[119.3943067,32.3430828],[119.394749,32.3431491],[119.3948169,32.3431558],[119.3948513,32.3431561],[119.3948973,32.3431399],[119.3949226,32.3431424],[119.3950378,32.3432203],[119.3950582,32.3432363],[119.3950659,32.3432502],[119.3950738,32.3432712],[119.3950951,32.3432908],[119.3951274,32.3433107],[119.3952503,32.3433669],[119.3955835,32.3434695],[119.3957961,32.3435464],[119.3963272,32.3437361],[119.3965153,32.3438009],[119.3965305,32.3437995],[119.3965503,32.3437893],[119.3965672,32.3437723],[119.396617,32.3434694],[119.3966175,32.3434517],[119.3965997,32.3434502],[119.3964334,32.3435186],[119.3962774,32.343572],[119.3961723,32.3435753],[119.3960555,32.3435638],[119.3959372,32.3435268],[119.3958544,32.3434928],[119.3958154,32.343493],[119.3957351,32.3434697],[119.3956762,32.3434382],[119.3955204,32.3433436],[119.3954643,32.3433152],[119.3954079,32.3433018],[119.3953732,32.3432973],[119.395304,32.3432884],[119.395223,32.3432605],[119.3951194,32.3432132],[119.395082,32.3432055],[119.3950756,32.3432029],[119.3950704,32.3431995],[119.3950558,32.3431881],[119.3949407,32.3431119],[119.3949268,32.3431003],[119.3948883,32.3430862],[119.3948431,32.3430734],[119.3948054,32.3430753],[119.394779,32.3430731],[119.3947465,32.3430878],[119.3947164,32.3430927],[119.3946479,32.343083],[119.3944466,32.3430513],[119.3942674,32.3430221],[119.3940961,32.3430032],[119.3939422,32.3429975],[119.3937135,32.3429937],[119.393561,32.3429917],[119.3935554,32.3429917],[119.3934968,32.3429867],[119.3934447,32.3429761],[119.3934186,32.3429856],[119.393371,32.3430001],[119.3933422,32.343005],[119.393336,32.342992],[119.3933592,32.3429526],[119.3934095,32.342863],[119.393451,32.3428294],[119.3935606,32.3427286],[119.3936147,32.3426724],[119.39365,32.3425997],[119.3936794,32.3425438],[119.3937003,32.3424714],[119.3936995,32.3423772],[119.3936914,32.3422583],[119.3936838,32.3421962],[119.3936902,32.3421381],[119.3937171,32.3420456],[119.3937441,32.341958],[119.3937678,32.3418841],[119.393796,32.3418339],[119.3938267,32.3417877],[119.3938468,32.3417705],[119.3939303,32.3417226],[119.3939512,32.3417119],[119.3939925,32.3417084],[119.3940185,32.3417056],[119.3940422,32.341692],[119.3940545,32.3416711],[119.3940589,32.3416497],[119.3940725,32.3415555],[119.3940893,32.3414397],[119.3940985,32.3413392],[119.3940657,32.3409227],[119.3940452,32.3408871],[119.3940298,32.3408613],[119.3940111,32.3408602],[119.3939953,32.3408593],[119.393999,32.3409301],[119.3939872,32.3409488],[119.393961,32.3409726],[119.3939278,32.3409864],[119.3938778,32.3409851],[119.3938393,32.3409793],[119.3938071,32.3409639],[119.3937748,32.3409652],[119.3937232,32.3409651],[119.3936705,32.3409564],[119.3936252,32.3409361],[119.3936027,32.3409075],[119.3935878,32.3408605],[119.3935743,32.3408047],[119.3935557,32.340783],[119.3935216,32.3407685],[119.3934706,32.3407386],[119.3934042,32.3407188],[119.3933408,32.3407044],[119.3929801,32.3406844],[119.3928275,32.3406844],[119.3927898,32.3406773],[119.3927535,32.3406683]]]}},{"type":"Feature","id":"relation/13817765-2","properties":{"natural":"water","water":"pond","type":"multipolygon","source":"OpenStreetMap","osm_id":"relation/13817765-2","kind":"water"},"geometry":{"type":"Polygon","coordinates":[[[119.3979028,32.341707],[119.3979131,32.3416504],[119.3979225,32.3415985],[119.3980987,32.3416207],[119.3981441,32.3413818],[119.3981537,32.3413292],[119.3981913,32.3411302],[119.4009731,32.3414914],[119.4009488,32.3416438],[119.4006618,32.3436068],[119.4006049,32.3440444],[119.4003843,32.3453457],[119.4003692,32.3454807],[119.4003174,32.3457991],[119.4003006,32.3459327],[119.4002905,32.3459737],[119.4002757,32.345989],[119.400251,32.3460078],[119.400232,32.3460191],[119.4002155,32.3460225],[119.400196,32.3460221],[119.4001745,32.3460154],[119.400161,32.346011],[119.4001516,32.3460109],[119.4001206,32.3460187],[119.4000912,32.3460242],[119.4000625,32.3460244],[119.4000335,32.34602],[119.4000093,32.3460084],[119.3999868,32.3459935],[119.3999774,32.3459829],[119.399995,32.3459649],[119.4000339,32.3459253],[119.4001157,32.3458968],[119.4001814,32.3458518],[119.4002191,32.3458238],[119.4002468,32.3457795],[119.4003854,32.3449371],[119.4005003,32.3441828],[119.4005624,32.3438682],[119.4005899,32.3437051],[119.4006022,32.3435691],[119.4006053,32.3434543],[119.4006432,32.3432073],[119.4006812,32.3430548],[119.4007973,32.3423244],[119.4008921,32.3416551],[119.4008496,32.3416381],[119.3982744,32.3412923],[119.3982498,32.341316],[119.398235,32.3413952],[119.3981697,32.3417441],[119.3979028,32.341707]]]}},{"type":"Feature","id":"relation/13817765-3","properties":{"natural":"water","water":"pond","type":"multipolygon","source":"OpenStreetMap","osm_id":"relation/13817765-3","kind":"water"},"geometry":{"type":"Polygon","coordinates":[[[119.3978706,32.3434469],[119.3978672,32.3434726],[119.3978069,32.3438163],[119.3980016,32.3438394],[119.3979512,32.3441744],[119.397873,32.3441674],[119.397857,32.3442737],[119.3977612,32.344358],[119.3977397,32.3444915],[119.3977702,32.344531],[119.397822,32.344576],[119.3978388,32.3446039],[119.3978454,32.3446315],[119.3978469,32.3446824],[119.3977966,32.3449617],[119.3977674,32.3451408],[119.3976879,32.3452798],[119.397681,32.3452894],[119.3976529,32.345329],[119.3976222,32.3453875],[119.3976102,32.3454216],[119.3976165,32.3454659],[119.3976559,32.345681],[119.3976809,32.3457155],[119.3977288,32.3457395],[119.3978228,32.3457556],[119.3995135,32.3460237],[119.3996356,32.346033],[119.3996976,32.3460276],[119.399742,32.3460094],[119.3997937,32.3459661],[119.3998521,32.345903],[119.3998962,32.3459093],[119.3999183,32.3458757],[119.3998416,32.3458581],[119.3997449,32.3459518],[119.3996861,32.3459802],[119.3996071,32.3459894],[119.3995405,32.3459884],[119.3994512,32.3459734],[119.3984844,32.3458107],[119.3984331,32.3458021],[119.3984045,32.3457973],[119.3983261,32.3457582],[119.3982491,32.3456992],[119.3981975,32.345626],[119.3981746,32.3455492],[119.3981733,32.3455049],[119.3982602,32.3449361],[119.3982952,32.3448617],[119.3985328,32.3445167],[119.3986151,32.3444515],[119.3986634,32.3444298],[119.3986816,32.3444161],[119.3986914,32.3443917],[119.3986766,32.3443588],[119.3985931,32.3442189],[119.3985849,32.3441084],[119.3985582,32.3441053],[119.398575,32.3439794],[119.3986711,32.3439884],[119.3987086,32.343898],[119.3987112,32.3438835],[119.3987259,32.3438021],[119.3987275,32.3436422],[119.3986796,32.343561],[119.3986144,32.3435261],[119.398541,32.3435104],[119.3978706,32.3434469]]]}},{"type":"Feature","id":"relation/13817765-4","properties":{"natural":"water","water":"pond","type":"multipolygon","source":"OpenStreetMap","osm_id":"relation/13817765-4","kind":"water"},"geometry":{"type":"Polygon","coordinates":[[[119.3972389,32.3415177],[119.3974047,32.3415372],[119.3974009,32.3415628],[119.3973976,32.3415854],[119.3973041,32.3415739],[119.3971203,32.3415512],[119.3971606,32.3413428],[119.3971913,32.3412324],[119.3972116,32.3411709],[119.3972109,32.3411354],[119.3972084,32.3411222],[119.397199,32.3411148],[119.3971444,32.3411075],[119.3940511,32.3406951],[119.3939962,32.3406878],[119.3928342,32.3405328],[119.3927952,32.3405477],[119.3927909,32.3405297],[119.3928054,32.3404462],[119.3973276,32.3410263],[119.3972899,32.3412195],[119.3972803,32.3412703],[119.3972389,32.3415177]]]}},{"type":"Feature","id":"relation/13817765-5","properties":{"natural":"water","water":"pond","type":"multipolygon","source":"OpenStreetMap","osm_id":"relation/13817765-5","kind":"water"},"geometry":{"type":"Polygon","coordinates":[[[119.3921785,32.3412118],[119.3920677,32.3414231],[119.392034,32.3414419],[119.3918553,32.3415045],[119.3918348,32.3414764],[119.3917892,32.3415],[119.3918027,32.3415185],[119.3917719,32.3415427],[119.3917271,32.3415478],[119.3916698,32.341558],[119.3915904,32.3415576],[119.3914878,32.3415515],[119.3914375,32.3415366],[119.391395,32.3415221],[119.3913378,32.3415227],[119.3912719,32.3415234],[119.3911614,32.3415458],[119.3910382,32.3415886],[119.3909955,32.3416082],[119.3909767,32.3415887],[119.390942,32.3416094],[119.3908689,32.3416698],[119.3908112,32.3417359],[119.3907666,32.3418145],[119.3907455,32.3418713],[119.3907355,32.3419059],[119.3907195,32.3419241],[119.3906774,32.3419452],[119.3906147,32.3419569],[119.3905662,32.3419517],[119.3905168,32.3419348],[119.3904848,32.3419159],[119.3904552,32.3418851],[119.3904316,32.3418504],[119.3904214,32.3418114],[119.3904272,32.3417849],[119.3905391,32.3415707],[119.3905491,32.341544],[119.3905447,32.3415226],[119.3905302,32.341508],[119.3905055,32.3414968],[119.3904912,32.3414824],[119.3904964,32.3414105],[119.3904973,32.3413624],[119.3904865,32.3413205],[119.3904452,32.3412518],[119.3904204,32.3412001],[119.3904246,32.3411464],[119.3904471,32.34109],[119.3905013,32.34103],[119.3905389,32.3410032],[119.3905744,32.3409969],[119.3906203,32.3409975],[119.3906354,32.3410627],[119.3906651,32.3411117],[119.3907108,32.3411546],[119.3907684,32.3411859],[119.3908488,32.3412051],[119.3908977,32.3412059],[119.3909459,32.3411988],[119.3909919,32.3411841],[119.3910337,32.3411622],[119.3910768,32.3411273],[119.3911092,32.3410849],[119.3911261,32.3410475],[119.3911346,32.3410082],[119.3911344,32.3409672],[119.391125,32.3409269],[119.3910987,32.3408765],[119.3914784,32.3406313],[119.3915312,32.3406223],[119.3915901,32.3406339],[119.3917535,32.3406868],[119.3920023,32.3408059],[119.3921509,32.340901],[119.3921589,32.3409203],[119.392144,32.3409442],[119.3921345,32.3409937],[119.3921304,32.3410619],[119.3921492,32.3411352],[119.3921692,32.3411708],[119.3921807,32.3411984],[119.3921785,32.3412118]]]}},{"type":"Feature","id":"relation/13817765-6","properties":{"natural":"water","water":"pond","type":"multipolygon","source":"OpenStreetMap","osm_id":"relation/13817765-6","kind":"water"},"geometry":{"type":"Polygon","coordinates":[[[119.392565,32.3413563],[119.3924702,32.3415445],[119.3924667,32.3415617],[119.3924821,32.3415802],[119.3925044,32.3415901],[119.3926205,32.3416085],[119.3929662,32.3416302],[119.3930913,32.3416497],[119.3931853,32.3416856],[119.3933027,32.3417182],[119.3933557,32.3417283],[119.393401,32.3417369],[119.3935236,32.3417562],[119.3935788,32.3417583],[119.3936232,32.3417506],[119.3936499,32.3417296],[119.3936726,32.3417002],[119.3936843,32.3416664],[119.3936934,32.3416386],[119.3936792,32.3416132],[119.3936537,32.3415956],[119.3936278,32.34157],[119.3933195,32.3414268],[119.392833,32.3412504],[119.3927847,32.3412349],[119.3927556,32.3412444],[119.3927384,32.3412587],[119.3926896,32.341286],[119.392618,32.3413164],[119.3925953,32.3413291],[119.392565,32.3413563]]]}},{"type":"Feature","id":"relation/13817765-7","properties":{"natural":"water","water":"pond","type":"multipolygon","source":"OpenStreetMap","osm_id":"relation/13817765-7","kind":"water"},"geometry":{"type":"Polygon","coordinates":[[[119.3895476,32.3400598],[119.3924126,32.3403934],[119.3923933,32.3405021],[119.3923834,32.3405006],[119.392373,32.3404834],[119.3923558,32.3404765],[119.3923258,32.340472],[119.3894218,32.3401073],[119.3895476,32.3400598]]]}},{"type":"Feature","id":"relation/13817766","properties":{"building":"college","name":"文津楼","type":"multipolygon","source":"OpenStreetMap","osm_id":"relation/13817766","kind":"building"},"geometry":{"type":"Polygon","coordinates":[[[119.3951091,32.3443462],[119.396297,32.3444982],[119.396282,32.3445819],[119.3962543,32.3445765],[119.3962202,32.3447688],[119.3962175,32.3447837],[119.3964814,32.3448156],[119.3964185,32.3451868],[119.3961547,32.345155],[119.3961134,32.3453954],[119.3961477,32.3453998],[119.3961233,32.3455353],[119.39494,32.3453836],[119.3949776,32.3451741],[119.3950755,32.3451867],[119.3951148,32.3449676],[119.3950112,32.3449543],[119.39505,32.3447382],[119.3951497,32.3447509],[119.3951897,32.3445283],[119.3950789,32.3445141],[119.3951091,32.3443462]],[[119.3951871,32.3447535],[119.3959726,32.3448524],[119.3959855,32.3447798],[119.3959507,32.3447754],[119.3959649,32.3446949],[119.3959965,32.3446989],[119.3960083,32.3446323],[119.395225,32.3445339],[119.3952091,32.3446241],[119.3952815,32.3446332],[119.3952748,32.3446711],[119.3952032,32.3446621],[119.3951871,32.3447535]],[[119.3951162,32.3451949],[119.3958938,32.3452966],[119.3959066,32.3452269],[119.3958743,32.3452226],[119.3958904,32.3451347],[119.3959233,32.345139],[119.3959343,32.3450792],[119.3951538,32.3449768],[119.3951424,32.3450388],[119.395176,32.3450432],[119.3951609,32.3451258],[119.3951296,32.3451217],[119.3951162,32.3451949]]]}},{"type":"Feature","id":"relation/13817767","properties":{"area":"yes","highway":"pedestrian","type":"multipolygon","source":"OpenStreetMap","osm_id":"relation/13817767","kind":"road"},"geometry":{"type":"Polygon","coordinates":[[[119.3915282,32.3439529],[119.3915232,32.3439834],[119.3916213,32.3439932],[119.3916076,32.3440975],[119.3916044,32.3441219],[119.3916008,32.3441495],[119.3915897,32.3442337],[119.3915727,32.3443816],[119.3915557,32.3444277],[119.3915215,32.3444824],[119.3914607,32.3445703],[119.3914206,32.3446044],[119.391406,32.3446168],[119.3914793,32.3446857],[119.3915851,32.3447894],[119.3916098,32.3448136],[119.3916379,32.3448331],[119.3916442,32.3448167],[119.3916261,32.344795],[119.3916209,32.3447628],[119.3916314,32.3446442],[119.3916515,32.3445297],[119.3916917,32.3443972],[119.3917248,32.3443416],[119.3917461,32.3443249],[119.3919889,32.3443341],[119.3920292,32.3443301],[119.3920396,32.3443237],[119.3920713,32.3443042],[119.3920958,32.3442767],[119.3921285,32.3442254],[119.3921447,32.3441612],[119.3921474,32.3441155],[119.3921319,32.3440741],[119.3920872,32.3440272],[119.3920374,32.3439871],[119.3919539,32.3439488],[119.3919303,32.3439407],[119.3919082,32.3439384],[119.3918685,32.3439342],[119.3918155,32.3439535],[119.3917669,32.3439559],[119.3915318,32.3439277],[119.3915282,32.3439529]],[[119.3918136,32.3440486],[119.3918575,32.344029],[119.3919068,32.344023],[119.3919555,32.3440314],[119.3919956,32.3440515],[119.392026,32.3440813],[119.3920438,32.3441177],[119.3920469,32.344157],[119.3920351,32.3441951],[119.3920097,32.344228],[119.3919732,32.3442525],[119.3919294,32.3442659],[119.3918828,32.3442669],[119.3918383,32.3442554],[119.3918003,32.3442325],[119.3917729,32.3442007],[119.3917585,32.3441605],[119.3917601,32.3441338],[119.391761,32.3441185],[119.3917667,32.3441068],[119.3917801,32.3440797],[119.3918136,32.3440486]],[[119.3916076,32.3440975],[119.3917667,32.3441068],[119.391761,32.3441185],[119.3917601,32.3441338],[119.3917585,32.3441605],[119.3916324,32.3441517],[119.3916008,32.3441495],[119.3916044,32.3441219],[119.3916076,32.3440975]]]}},{"type":"Feature","id":"relation/13817768","properties":{"area":"yes","highway":"pedestrian","type":"multipolygon","source":"OpenStreetMap","osm_id":"relation/13817768","kind":"road"},"geometry":{"type":"Polygon","coordinates":[[[119.3969039,32.3446211],[119.3973137,32.3446759],[119.3973493,32.3446825],[119.3973645,32.3446922],[119.3973721,32.3447087],[119.3973702,32.3447271],[119.3971835,32.345742],[119.3971664,32.34576],[119.3971317,32.3457692],[119.3971222,32.3457692],[119.3970935,32.3457692],[119.3970497,32.3457638],[119.3967996,32.345728],[119.396694,32.3457129],[119.3966808,32.3456992],[119.3966708,32.3456785],[119.3966682,32.3456606],[119.3968681,32.3446639],[119.3968734,32.3446436],[119.3968834,32.344628],[119.3969039,32.3446211]],[[119.39681,32.3453743],[119.3968322,32.345365],[119.3968838,32.3453554],[119.3968987,32.3453669],[119.3971383,32.3456573],[119.3971462,32.3456867],[119.3971339,32.3457136],[119.3970875,32.3457304],[119.3970413,32.345733],[119.3968439,32.3457124],[119.3967601,32.3456911],[119.3967194,32.34566],[119.396717,32.3456355],[119.3967324,32.3455993],[119.39681,32.3453743]],[[119.3968666,32.3452392],[119.397107,32.3455268],[119.3971438,32.3455395],[119.3971658,32.345527],[119.3972863,32.3448983],[119.3972691,32.344879],[119.3971826,32.3448118],[119.3969537,32.3449424],[119.3969435,32.3449582],[119.3968615,32.3452138],[119.3968666,32.3452392]],[[119.3967976,32.3450195],[119.3969115,32.3449502],[119.3968406,32.3448168],[119.3967976,32.3450195]],[[119.3969294,32.3447939],[119.3970103,32.3447134],[119.3969182,32.3446981],[119.3969294,32.3447939]],[[119.3970917,32.344799],[119.3971015,32.3446905],[119.3971836,32.3447425],[119.3970917,32.344799]]]}},{"type":"Feature","id":"relation/13818625","properties":{"area":"yes","highway":"pedestrian","type":"multipolygon","source":"OpenStreetMap","osm_id":"relation/13818625","kind":"road"},"geometry":{"type":"Polygon","coordinates":[[[119.3904572,32.3406417],[119.3906639,32.3405925],[119.3907762,32.3407893],[119.3908691,32.3407762],[119.3909239,32.3407789],[119.3909796,32.3407928],[119.3910443,32.3408268],[119.3910987,32.3408765],[119.391125,32.3409269],[119.3911344,32.3409672],[119.3911346,32.3410082],[119.3911261,32.3410475],[119.3911092,32.3410849],[119.3910768,32.3411273],[119.3910337,32.3411622],[119.3909919,32.3411841],[119.3909459,32.3411988],[119.3908977,32.3412059],[119.3908488,32.3412051],[119.3907684,32.3411859],[119.3907108,32.3411546],[119.3906651,32.3411117],[119.3906354,32.3410627],[119.3906203,32.3409975],[119.3906293,32.3409349],[119.3906549,32.3408922],[119.3907015,32.3408388],[119.3906355,32.3407856],[119.3904572,32.3406417]],[[119.3906608,32.3407484],[119.3906827,32.3407344],[119.3906044,32.3406466],[119.3905824,32.3406606],[119.3906608,32.3407484]],[[119.3906794,32.3407707],[119.3906983,32.3407595],[119.3907333,32.3408015],[119.3907143,32.3408128],[119.3906794,32.3407707]],[[119.3907496,32.3410686],[119.3907233,32.3410844],[119.3906988,32.341057],[119.3906802,32.34103],[119.3906722,32.340999],[119.3906727,32.3409732],[119.3906837,32.3409285],[119.3907163,32.3409348],[119.3907067,32.3409682],[119.3907041,32.3409914],[119.3907083,32.3410137],[119.3907235,32.3410398],[119.3907496,32.3410686]],[[119.3908728,32.3408427],[119.3908748,32.3408155],[119.3909154,32.3408165],[119.390952,32.3408213],[119.3909856,32.3408354],[119.391009,32.3408519],[119.3910434,32.3408872],[119.3910171,32.3409047],[119.3909923,32.3408774],[119.3909725,32.3408612],[119.3909493,32.3408499],[119.3909158,32.3408435],[119.3908728,32.3408427]],[[119.3907492,32.3411323],[119.3907703,32.3411095],[119.3908204,32.3411343],[119.3908626,32.3411401],[119.3909171,32.3411327],[119.3909668,32.3411174],[119.3910028,32.341092],[119.3910232,32.3410664],[119.3910396,32.3410397],[119.3910507,32.3410043],[119.3910496,32.3409697],[119.3910405,32.3409493],[119.3910732,32.3409332],[119.3910876,32.3409603],[119.3910913,32.3410041],[119.3910799,32.3410442],[119.3910659,32.3410724],[119.3910433,32.3411023],[119.3910102,32.341129],[119.3909688,32.3411516],[119.3909241,32.3411636],[119.3908847,32.3411696],[119.3908361,32.3411687],[119.3907849,32.3411541],[119.3907492,32.3411323]]]}}]}